,Date,BTC Closing Price,ETH Closing Price,XRP Closing Price,DOGE Closing Price,VET Closing Price,TUSD Closing Price,XVG Closing Price,AE Closing Price,STRAT Closing Price,LRC Closing Price,AOA Closing Price,QNT Closing Price,WAN Closing Price,ELA Closing Price,KCS Closing Price
0,2019-02-11,3643.486916,121.15920985,0.30429998,0.00197246,0.003909,1.01,0.005994,0.38754299999999997,0.8206620000000001,0.053827,0.007514,3.99,0.293568,2.25,0.360186
1,2019-02-10,3686.97761018,124.95022877,0.30891225,0.00198858,0.004044,1.02,0.006171,0.394485,0.8180069999999999,0.055287,0.00718,4.64,0.291913,2.36,0.370683
2,2019-02-09,3665.16988048,119.77626979999998,0.31064594,0.00200946,0.004006,1.01,0.00613,0.401183,0.803968,0.05455,0.008425,4.24,0.289930,2.28,0.373724
3,2019-02-08,3658.38964874,119.65378821,0.31202863,0.0019691,0.003966,1.01,0.006052,0.392337,0.817695,0.055105999999999995,0.00807,4.14,0.292698,2.3,0.368694
4,2019-02-07,3390.50540402,104.17348494,0.29164441,0.00193144,0.003694,1.01,0.005644,0.362809,0.751636,0.051812000000000004,0.007548,2.95,0.272198,2.11,0.348911
5,2019-02-06,3405.37514383,104.5380112,0.28954575,0.00185799,0.003637,1.01,0.005606,0.360188,0.738042,0.051325,0.007884,2.35,0.282607,2.1,0.350898
6,2019-02-05,3458.86444282,106.99904403,0.29159797,0.00197848,0.003786,1.01,0.005745,0.369694,0.768977,0.053886,0.008664,2.29,0.262837,2.13,0.35403
7,2019-02-04,3455.53312658,107.09979467,0.29912812,0.00201472,0.003827,1.01,0.00588,0.369244,0.7837069999999999,0.05513,0.006343,2.18,0.272426,2.12,0.361609
8,2019-02-03,3452.49982061,107.1319149,0.30188809,0.00201145,0.003864,1.01,0.005829,0.371895,0.788343,0.056396,0.0066099999999999996,2.15,0.271510,2.12,0.359981
9,2019-02-02,3506.52230177,110.10746114,0.31151935,0.00195616,0.003952,1.01,0.0060420000000000005,0.376092,0.831415,0.056983000000000006,0.008287000000000001,2.23,0.275765,2.19,0.372291
10,2019-02-01,3479.09411435,107.32443764,0.3071589,0.00197078,0.003928,1.02,0.005964,0.370899,0.778469,0.057745000000000005,0.008015000000000001,2.33,0.276280,2.14,0.36295700000000003
11,2019-01-31,3451.31987662,106.82052064,0.31010164,0.00201663,0.003909,1.01,0.0059310000000000005,0.367659,0.7631,0.055044,0.007631000000000001,2.29,0.275208,2.13,0.35254
12,2019-01-30,3479.30180006,108.13054715,0.3213001,0.00205558,0.004038,1.01,0.006195,0.37798000000000004,0.838564,0.059410000000000004,0.007691,2.13,0.289559,2.16,0.368598
13,2019-01-29,3440.00601361,104.841018,0.28827669,0.00198649,0.003906,1.01,0.006062,0.37554099999999996,0.812519,0.059766,0.007576,2.06,0.287700,2.14,0.358214
14,2019-01-28,3463.28819308,107.19697922,0.29423212,0.00208414,0.003934,1.01,0.0060880000000000005,0.369587,0.836731,0.059489999999999994,0.007675,1.86,0.294712,2.15,0.37440999999999997
15,2019-01-27,3581.70083233,113.2767771,0.3122598,0.00213546,0.004165,1.01,0.006444,0.391185,0.907591,0.068405,0.008737,1.96,0.315689,2.3,0.404543
16,2019-01-26,3597.67821861,116.21246185,0.31680449,0.00218117,0.004377,1.01,0.006626999999999999,0.41163299999999997,0.964933,0.072996,0.0072829999999999995,1.73,0.339270,2.3,0.408005
17,2019-01-25,3598.33644091,115.99339673,0.31721188,0.00218958,0.004347,1.01,0.006657,0.415994,0.972724,0.07715,0.007449,1.72,0.322996,2.35,0.40735
18,2019-01-24,3602.36668912,117.28262058,0.31596063,0.00218149,0.004410,1.01,0.006735,0.416829,0.986099,0.080563,0.00807,1.79,0.327835,2.23,0.406632
19,2019-01-23,3579.77476259,117.42125168,0.31675758,0.00219915,0.004391,1.01,0.006732999999999999,0.41707,1.01,0.08566900000000001,0.008712000000000001,1.89,0.319276,2.18,0.42856400000000006
20,2019-01-22,3603.05024184,118.67517241,0.31962873,0.00220622,0.004568,1.01,0.0067079999999999996,0.420725,1.0,0.103905,0.00913,1.91,0.334467,2.2,0.436621
21,2019-01-21,3571.11148096,116.68971772,0.32048076,0.00220798,0.004130,1.01,0.006626000000000001,0.42484700000000003,0.974891,0.06915700000000001,0.009903,1.94,0.319311,2.17,0.449035
22,2019-01-20,3602.76867239,119.02533876,0.32177611,0.00217897,0.004012,1.02,0.006608,0.434262,0.99119,0.06801900000000001,0.010556999999999999,1.93,0.313367,2.13,0.447578
23,2019-01-19,3727.52431048,124.41890006,0.33303174,0.00225641,0.004138,1.01,0.006942,0.44460299999999997,1.04,0.069249,0.011201000000000001,1.99,0.344229,2.22,0.46719700000000003
24,2019-01-18,3648.95023008,120.25901312,0.32328355,0.00222259,0.004076,1.01,0.006684999999999999,0.432302,0.992851,0.062944,0.009825,1.89,0.327014,2.21,0.463037
25,2019-01-17,3673.15951893,123.55476798,0.32894033,0.00212943,0.004262,1.01,0.0068319999999999995,0.46846099999999996,1.07,0.058102999999999995,0.00995,1.97,0.335115,2.26,0.47031999999999996
26,2019-01-16,3650.9065022,123.23169205,0.32720877,0.00227633,0.003994,1.01,0.0069,0.525667,1.12,0.049242,0.011003,1.93,0.315723,2.29,0.48190600000000006
27,2019-01-15,3630.25983971,121.58630939,0.32694463,0.00216447,0.003929,1.01,0.006817,0.41416400000000003,1.02,0.041333,0.010843,2.07,0.293815,2.22,0.493771
28,2019-01-14,3699.57009646,129.49220590000002,0.33543045,0.00228669,0.004043,1.01,0.006959,0.371338,0.916257,0.041287,0.010289,2.25,0.305728,2.3,0.507212
29,2019-01-13,3536.79235732,116.7645996,0.31743597,0.00212598,0.003785,1.01,0.0064069999999999995,0.353306,0.823212,0.038527,0.009989,1.8,0.287404,2.21,0.497655
30,2019-01-12,3653.02108745,125.49268715,0.33394875,0.00226821,0.004020,1.01,0.006876,0.37901,0.8917299999999999,0.040268,0.009899,2.06,0.312001,2.24,0.509145
31,2019-01-11,3665.16647753,126.83556223,0.33543372,0.00223229,0.004006,1.01,0.007178,0.371636,0.909027,0.040863,0.009921,2.2,0.315219,2.24,0.506455
32,2019-01-10,3662.93921775,128.32913109,0.33314083,0.00228875,0.004068,1.01,0.007598000000000001,0.371537,0.915966,0.039251,0.011047,2.16,0.312048,2.29,0.510718
33,2019-01-09,4037.57681015,150.76318856,0.37172873,0.00231141,0.004770,1.01,0.007247,0.40963999999999995,1.13,0.04464,0.009890000000000001,2.39,0.370143,2.55,0.585647
34,2019-01-08,4026.21386024,150.39128846,0.36517726,0.0022828,0.004382,1.01,0.007174,0.403801,1.15,0.043762,0.009022,2.34,0.364014,2.53,0.5962430000000001
35,2019-01-07,4028.60921722,151.68337371,0.36647218,0.00228696,0.004176,1.01,0.007203,0.407981,1.12,0.047345,0.009812999999999999,2.56,0.367487,2.73,0.596493
36,2019-01-06,4081.77628047,158.37524309,0.36910833,0.00233228,0.004340,1.01,0.007415000000000001,0.416285,1.1,0.044521,0.010870999999999999,2.29,0.382784,2.74,0.6163390000000001
37,2019-01-05,3848.55075171,156.30350194,0.35562807,0.00242191,0.004074,1.01,0.006987,0.3967,1.08,0.043327,0.010772,2.32,0.363141,2.72,0.6061979999999999
38,2019-01-04,3859.72524329,155.74490445,0.36186493,0.00242349,0.004094,1.01,0.006908,0.391558,1.08,0.041609,0.010687,2.57,0.353142,2.73,0.605391
39,2019-01-03,3851.62901604,149.60998841,0.35917649,0.00248848,0.004051,1.01,0.006981,0.395935,1.11,0.041366,0.011176,2.22,0.352444,2.68,0.614
40,2019-01-02,3950.03743983,156.72615228,0.37663824,0.00251316,0.004231,1.02,0.007183,0.414944,1.16,0.042844,0.011714,2.12,0.357414,2.84,0.653204
41,2019-01-01,3862.87078827,140.94329839,0.36563336,0.00251736,0.004145,1.01,0.007053,0.400219,1.16,0.042122,0.010559,2.06,0.349993,2.79,0.64051
42,2018-12-31,3752.05575164,133.63774463,0.35651185,0.0024584,0.003972,1.01,0.006864,0.388751,1.07,0.039934,0.011683,2.17,0.336620,2.63,0.6175649999999999
43,2018-12-30,3877.26435028,140.82998756,0.37104555,0.00246119,0.004218,1.01,0.00727,0.406613,1.2,0.040687,0.011864,1.83,0.356307,2.72,0.632578
44,2018-12-29,3844.48381381,138.71933846,0.36715379,0.00249589,0.004155,1.02,0.0072310000000000004,0.408279,1.22,0.040776,0.010832,1.85,0.349641,2.74,0.624028
45,2018-12-28,3935.76228988,137.4619981,0.37788979,0.00251462,0.004379,1.01,0.007509,0.41867,1.33,0.043157,0.010556,1.81,0.369692,2.83,0.6489590000000001
46,2018-12-27,3655.68630909,116.37643191,0.33941545,0.00242103,0.003921,1.02,0.0067,0.376048,1.28,0.037301999999999995,0.010306000000000001,1.55,0.331886,2.59,0.5998939999999999
47,2018-12-26,3862.13925499,132.13155341,0.38022889,0.00252071,0.004405,1.01,0.007517,0.425275,1.35,0.042381,0.010304,1.75,0.373582,2.79,0.629303
48,2018-12-25,3819.71721352,130.14043578,0.38253905,0.00251331,0.004378,1.01,0.007478,0.408939,1.43,0.041635000000000005,0.010565,1.6,0.361917,2.71,0.623463
49,2018-12-24,4080.83952978,139.85440152,0.40767683,0.00262836,0.004795,1.01,0.008388,0.48118299999999997,1.66,0.04721,0.013458000000000001,1.9,0.407691,3.06,0.674569
50,2018-12-23,4007.18189341,131.57186005,0.37526763,0.00261217,0.004722,1.01,0.008133,0.470947,1.45,0.045683,0.01226,1.84,0.406276,2.96,0.668723
51,2018-12-22,4028.9715984,117.38354277,0.36400239,0.00260313,0.004638,1.01,0.008020999999999999,0.457742,1.41,0.044451,0.012922999999999999,1.68,0.406875,2.99,0.620625
52,2018-12-21,3902.60087891,110.10776649,0.36038635,0.00265909,0.004476,1.02,0.007662,0.453481,1.25,0.042448,0.012395999999999999,1.59,0.378549,2.87,0.591298
53,2018-12-20,4148.54612705,116.7342222,0.38038025,0.00278437,0.004575,1.02,0.008293,0.424033,1.49,0.043272000000000005,0.014575,1.68,0.397093,3.05,0.648123
54,2018-12-19,3757.9372566,101.53665977,0.35512019,0.00282046,0.004220,1.02,0.006965000000000001,0.39944,1.09,0.040359,0.012872,1.43,0.347653,2.9,0.575543
55,2018-12-18,3702.92221906,101.44330457,0.34979502,0.00264459,0.004137,1.01,0.006606999999999999,0.389707,0.9205190000000001,0.041109,0.013643,1.42,0.344288,2.92,0.559761
56,2018-12-17,3544.93561315,95.3781921,0.32986037,0.00264862,0.004032,1.02,0.006287,0.377751,0.7212970000000001,0.038034,0.012782,1.33,0.322855,2.75,0.53315
57,2018-12-16,3251.99038152,85.48832755,0.28852071,0.00217562,0.003420,1.02,0.005625,0.337337,0.629307,0.033317,0.012622,1.04,0.288954,2.55,0.487753
58,2018-12-15,3241.34911877,84.71173886,0.28547168,0.00215478,0.003360,1.02,0.005643,0.340526,0.618314,0.0326,0.013142,1.23,0.286848,2.5,0.47658199999999995
59,2018-12-14,3237.65748004,84.43482707,0.28891217,0.00217283,0.003379,1.01,0.005703,0.330879,0.56392,0.033554,0.012778,1.16,0.289353,2.52,0.470379
60,2018-12-13,3311.7986786999995,86.4993802,0.30109382,0.0021799,0.003528,1.02,0.005561,0.371319,0.590567,0.035061,0.013788,1.1,0.308552,2.49,0.482088
61,2018-12-12,3485.72627768,90.24545129999998,0.30674415,0.00216951,0.003729,1.02,0.005903,0.395619,0.663067,0.036466000000000005,0.014943999999999999,1.29,0.329585,2.59,0.489795
62,2018-12-11,3419.40673955,88.40683497,0.29592978,0.00216333,0.003730,1.02,0.005717,0.382781,0.640893,0.036543,0.014408,1.22,0.321738,2.52,0.474079
63,2018-12-10,3500.08058076,90.81256458,0.30165394,0.00216987,0.003833,1.02,0.005922,0.39643,0.660458,0.036698,0.01523,1.36,0.327419,2.64,0.486547
64,2018-12-09,3615.7697974,94.48895042,0.31266375,0.00217798,0.004070,1.02,0.0063030000000000004,0.428854,0.6909930000000001,0.037199,0.015853,1.47,0.347521,2.63,0.523782
65,2018-12-08,3480.32048335,91.60722292,0.30985566,0.00225734,0.003907,1.02,0.006055,0.389502,0.645782,0.036168,0.015134,1.48,0.340876,2.58,0.509498
66,2018-12-07,3413.898571,93.13561327,0.30519531,0.00221808,0.003920,1.01,0.006075,0.35720799999999997,0.636158,0.035505,0.014646000000000001,1.5,0.336903,2.58,0.509406
67,2018-12-06,3506.85010251,91.35821866,0.31158716,0.00225788,0.004112,1.02,0.005716,0.354883,0.644433,0.03878,0.015338999999999998,1.49,0.339246,2.65,0.512419
68,2018-12-05,3752.69330547,101.8556025,0.3380464,0.00231463,0.004433,1.01,0.006611,0.441033,0.78676,0.045333,0.0162,1.5,0.389015,2.85,0.5526260000000001
69,2018-12-04,3942.37365098,110.01201387,0.35477985,0.00232132,0.004607,1.02,0.007187000000000001,0.511695,0.8997450000000001,0.043626,0.017175,1.38,0.409428,2.93,0.5933149999999999
70,2018-12-03,3875.30964639,108.41270962,0.35276196,0.00231004,0.004542,1.01,0.007097,0.530658,0.7604310000000001,0.042738,0.017084000000000002,1.21,0.394842,3.01,0.579116
71,2018-12-02,4131.7900403,116.14576963,0.36949322,0.00231824,0.004923,1.02,0.007839,0.556319,0.79975,0.045472000000000005,0.017726,1.3,0.434874,3.11,0.612952
72,2018-12-01,4194.16520798,118.43973973,0.37480442,0.00233305,0.005066,1.02,0.007873,0.5737180000000001,0.7830050000000001,0.046897,0.018345,1.25,0.435591,3.22,0.620501
73,2018-11-30,4012.0923579000014,113.1025036,0.36505524,0.0022706999999999996,0.004767,1.01,0.007484,0.5534439999999999,0.747683,0.043789,0.017962,1.18,0.395123,2.93,0.592118
74,2018-11-29,4273.89434568,117.45674926,0.38126761,0.00232747,0.005316,1.01,0.008128,0.600312,0.793894,0.048789,0.019235,1.2,0.445766,3.1,0.632787
75,2018-11-28,4260.25509769,122.36228771,0.390685,0.00232366,0.005242,1.01,0.008203,0.617843,0.815411,0.049615,0.019849000000000002,1.23,0.435973,3.17,0.651985
76,2018-11-27,3813.48133389,109.82789398,0.36275038,0.00222889,0.004421,1.01,0.006062,0.530749,0.678912,0.043805000000000004,0.017934000000000002,1.09,0.375472,2.86,0.57163
77,2018-11-26,3781.23279638,108.20702222,0.35935633,0.00220333,0.004334,1.01,0.005546,0.544008,0.66174,0.042259,0.017712000000000002,1.23,0.366213,2.75,0.564164
78,2018-11-25,4016.264014,116.50739106,0.37656586,0.00231862,0.004687,1.02,0.005921,0.582393,0.693936,0.042695,0.018997,1.06,0.394251,2.97,0.617532
79,2018-11-24,3860.02238685,113.01721403,0.37096303,0.00234936,0.004524,1.02,0.005686,0.574118,0.674405,0.041609,0.019587,0.982032,0.386161,2.88,0.587639
80,2018-11-23,4342.7235057,122.90707515,0.40515369,0.00243434,0.005164,1.01,0.0064,0.598712,0.809133,0.046762,0.021609,1.29,0.449396,3.23,0.6554260000000001
81,2018-11-22,4349.62801673,125.46304816,0.42135972,0.00248158,0.005262,1.02,0.006634,0.599417,0.7754489999999999,0.047229,0.0214,1.3,0.441106,3.3,0.677292
82,2018-11-21,4602.15536416,136.57962482,0.44469748,0.00255136,0.005799,1.01,0.007240000000000001,0.66286,0.8390799999999999,0.047955000000000005,0.019944999999999997,1.41,0.494745,3.51,0.744599
83,2018-11-20,4441.81124819,130.85229869,0.43105847,0.00244912,0.005296,1.02,0.006736,0.600378,0.7592300000000001,0.045071,0.019049,1.28,0.458469,3.2,0.692707
84,2018-11-19,4837.79524059,148.36030317,0.47348841,0.00259136,0.006034,1.01,0.00763,0.738096,0.8529459999999999,0.051971,0.020888999999999998,1.77,0.532387,5.04,0.832082
85,2018-11-18,5612.15535796,175.9534286,0.50820995,0.0027763,0.007662,1.01,0.00965,0.8837649999999999,1.08,0.069643,0.023434,2.19,0.685668,5.8,0.991231
86,2018-11-17,5557.54050919,173.19866243,0.48868322,0.00278617,0.007700,1.01,0.00958,0.8864,1.11,0.068699,0.023265,2.14,0.674497,5.77,0.9752629999999999
87,2018-11-16,5573.4164832,174.30843336,0.46809353,0.00295928,0.007722,1.01,0.009746,0.888302,1.05,0.071301,0.023199,2.15,0.676332,5.71,0.9870620000000001
88,2018-11-15,5646.65170714,180.62831306,0.48270962,0.0030636,0.007974,1.02,0.009976,0.9326909999999999,1.08,0.074287,0.023395,2.2,0.724315,5.67,0.989519
89,2018-11-14,5711.90602463,180.52623739,0.46329309,0.00300439,0.008370,1.01,0.010559,0.941166,1.13,0.077726,0.024222,2.22,0.750252,5.62,1.0
90,2018-11-13,6362.43585823,205.05463866,0.50547834,0.00308081,0.009241,1.01,0.012358,1.12,1.34,0.093355,0.026793,2.85,0.879717,6.31,1.1
91,2018-11-12,6375.86047086,209.78021536,0.5152308,0.00315356,0.009885,1.01,0.012808000000000002,1.15,1.4,0.09790700000000001,0.027061,2.56,0.935386,6.42,1.11
92,2018-11-11,6404.82204992,210.5162103,0.50278356,0.00325568,0.010142,1.0,0.01293,1.16,1.43,0.099313,0.027341000000000004,2.49,0.929266,6.65,1.12
93,2018-11-10,6399.37621037,210.97936845,0.50273499,0.00341684,0.010275,1.01,0.01319,1.17,1.49,0.103121,0.027814,2.51,0.967668,6.79,1.14
94,2018-11-09,6409.77066369,209.66450312,0.49686548,0.00323416,0.010189,1.01,0.013153999999999999,1.16,1.46,0.10360699999999999,0.027825,2.22,0.964701,6.5,1.14
95,2018-11-08,6448.56888202,212.29251527,0.49030653,0.00350155,0.010494,1.0,0.013503999999999999,1.16,1.53,0.10698800000000001,0.028305,2.47,1.01,6.64,1.08
96,2018-11-07,6522.47832878,217.54208814,0.53413104,0.00366651,0.010816,1.0,0.013848,1.3,1.59,0.113303,0.028181,2.73,1.05,7.05,1.11
97,2018-11-06,6471.10864054,219.18532918,0.54973305,0.00375848,0.011204,0.999308,0.013886,1.2,1.55,0.108079,0.027601999999999998,2.75,1.03,6.89,1.14
98,2018-11-05,6442.32938958,208.87173017,0.49642831,0.003691900000000001,0.010663,0.999527,0.013491,1.19,1.55,0.107557,0.025967,2.89,1.01,6.17,1.12
99,2018-11-04,6456.19377989,210.86710174,0.46680118,0.00380818,0.010656,0.984655,0.013993,1.17,1.57,0.110525,0.026338999999999998,3.12,1.04,5.59,1.13
100,2018-11-03,6377.50569597,199.04146231,0.45366249,0.00383086,0.010339,1.0,0.014006000000000001,1.19,1.59,0.11685899999999999,0.025758999999999997,3.11,1.08,5.92,1.12
101,2018-11-02,6395.39242935,200.25303684,0.45667308,0.00391375,0.010413,1.0,0.013817,1.19,1.64,0.11683199999999999,0.027070999999999998,2.86,1.07,5.94,1.1
102,2018-11-01,6379.22152992,198.00439206,0.45528102,0.00390505,0.010470,1.01,0.01375,1.18,1.56,0.11858199999999999,0.027404,2.81,1.09,5.88,1.09
103,2018-10-31,6337.46209336,197.32912889,0.4510476,0.00392852,0.010365,0.9986450000000001,0.013699000000000001,1.14,1.51,0.113455,0.027218,2.93,1.12,5.91,1.08
104,2018-10-30,6308.63047507,196.11534102,0.44386859,0.00392414,0.010191,1.01,0.013602000000000001,1.14,1.51,0.10805999999999999,0.027001999999999998,2.87,1.08,6.0,1.08
105,2018-10-29,6312.25999418,195.11008508,0.43998462,0.00388836,0.010496,1.01,0.013788,1.18,1.51,0.104644,0.026376999999999998,2.9,1.02,5.93,1.05
106,2018-10-28,6445.25955128,203.07719991,0.45952023,0.00406781,0.010965,1.01,0.014719,1.28,1.66,0.11443900000000001,0.026818,3.21,1.07,6.21,1.12
107,2018-10-27,6444.30309146,201.53762396,0.45415135,0.00417399,0.010888,1.01,0.014524,1.25,1.63,0.113478,0.026366000000000004,3.24,1.00,6.28,1.12
108,2018-10-26,6446.82714927,201.61005734,0.45811493,0.00389816,0.011099,1.01,0.014606000000000001,1.28,1.66,0.120252,0.025768,3.17,1.06,6.19,1.1
109,2018-10-25,6458.69866081,200.8266102,0.45612696,0.00373721,0.011308,1.01,0.014490000000000001,1.26,1.69,0.118823,0.024391,2.49,1.06,6.49,1.1
110,2018-10-24,6494.28941705,201.92430648,0.45489887,0.00393406,0.011389,1.01,0.014668,1.29,1.71,0.12070299999999999,0.025034,2.03,1.02,7.13,1.08
111,2018-10-23,6482.88005037,202.48134117,0.46051604,0.00420181,0.011750,1.01,0.014527000000000002,1.3,1.52,0.113626,0.025311,1.19,0.978622,8.72,1.08
112,2018-10-22,6467.1973033999975,202.3149165,0.45041156,0.00436983,0.011068,1.01,0.014135,1.29,1.52,0.11271300000000001,0.026129000000000003,2.24,0.986198,8.83,1.09
113,2018-10-21,6500.72715805,204.61491712,0.45403083,0.00451024,0.011353,1.02,0.014436000000000001,1.38,1.42,0.111079,0.026659,1.81,0.986458,8.9,1.11
114,2018-10-20,6489.16968154,204.90286844,0.45594242,0.00453479,0.011494,1.01,0.014294,1.42,1.43,0.112437,0.02609,1.67,1.01,9.19,1.11
115,2018-10-19,6443.59821772,203.24009489,0.45058303,0.00451772,0.011454,1.01,0.0142,1.36,1.38,0.10872799999999999,0.026632,1.35,0.993162,9.35,1.08
116,2018-10-18,6498.37267454,202.45224744,0.45473894,0.00435486,0.011396,1.01,0.013972,1.24,1.37,0.10640899999999999,0.026128,1.24,0.993179,9.67,1.08
117,2018-10-17,6540.98905599,205.43356318,0.46715315,0.00453279,0.011744,1.02,0.014437,1.26,1.44,0.112436,0.025985,1.27,1.05,10.01,1.14
118,2018-10-16,6615.21872304,208.3500415,0.46774566,0.00497649,0.011847,1.03,0.014313,1.19,1.42,0.112828,0.026211,1.3,0.993127,9.32,1.14
119,2018-10-15,6613.71080922,209.61027608,0.44852064,0.00513562,0.011783,1.03,0.014574,1.18,1.46,0.110321,0.025942000000000003,1.28,0.988434,8.92,1.14
120,2018-10-14,6282.56544136,193.68626518,0.39684513,0.00514252,0.011360,1.03,0.013946,1.14,1.34,0.10403699999999999,0.020347,1.19,0.948959,8.1,1.02
121,2018-10-13,6245.56502557,198.72700608,0.4147563,0.00515573,0.011481,1.02,0.014084000000000001,1.11,1.36,0.10488800000000001,0.021105000000000002,1.09,0.961561,8.29,1.03
122,2018-10-12,6246.0161118,196.00446127,0.41645262,0.00522374,0.011562,1.01,0.014124000000000001,1.12,1.33,0.0977,0.020980000000000002,1.03,0.937225,8.1,1.03
123,2018-10-11,6228.87043888,190.81143508,0.37942815,0.00494936,0.011229,1.02,0.014129,1.08,1.3,0.095164,0.020693,1.09,0.921626,7.93,1.01
124,2018-10-10,6577.59820344,224.80032064,0.45973481,0.00559905,0.013281,1.01,0.016603,1.32,1.51,0.11810899999999999,0.023897,1.22,1.12,8.95,1.14
125,2018-10-09,6617.30268565,227.16665192,0.47826031,0.00560747,0.013595,1.01,0.016015,1.08,1.5,0.116325,0.024586,1.34,1.08,9.23,1.12
126,2018-10-08,6656.37508543,228.1624063,0.48705012,0.00560758,0.013666,1.0,0.016101,1.07,1.53,0.110855,0.025767,1.34,1.09,7.99,1.15
127,2018-10-07,6591.5776855,225.09257759,0.47908733,0.00554684,0.013076,1.0,0.015581999999999999,1.06,1.5,0.10941300000000001,0.026312000000000002,1.13,1.05,7.94,1.18
128,2018-10-06,6589.33176365,223.63356873,0.4843859,0.00553274,0.012996,1.0,0.01544,1.06,1.49,0.109248,0.025963999999999997,1.1,1.04,7.77,1.19
129,2018-10-05,6626.9359544,225.99708051,0.51709832,0.00565268,0.013110,1.0,0.015588,1.06,1.55,0.117833,0.026679,0.8858450000000001,1.09,7.93,1.21
130,2018-10-04,6557.96350838,221.46424756,0.5262859999999999,0.00568671,0.012826,1.0,0.015631,1.06,1.52,0.10836199999999999,0.026205000000000003,0.8567540000000001,1.03,8.06,1.2
131,2018-10-03,6490.56723447,219.63558668,0.52604476,0.00572653,0.012764,1.01,0.014849000000000001,1.06,1.48,0.102533,0.022466,0.8438549999999999,0.963969,7.88,1.2
132,2018-10-02,6542.04345297,224.92884491,0.51648048,0.00584076,0.012994,1.01,0.015093,1.05,1.54,0.109073,0.020647,1.09,1.01,7.47,1.24
133,2018-10-01,6581.95220852,230.56756512,0.57877122,0.00596572,0.012804,1.0,0.01633,1.08,1.58,0.098764,0.021159999999999998,1.11,1.02,7.15,1.29
134,2018-09-30,6630.37019087,232.31870219,0.57893809,0.00589865,0.012891,1.0,0.015184,1.07,1.59,0.104823,0.021151,1.15,0.974530,7.13,1.32
135,2018-09-29,6604.28257681,231.44125046,0.56830928,0.00586636,0.013052,1.0,0.014766,1.09,1.62,0.10408599999999998,0.021922999999999998,1.22,0.929787,7.04,1.3
136,2018-09-28,6635.187250600001,221.56146907,0.53763111,0.00591339,0.013047,1.0,0.014279,0.999351,1.57,0.09791,0.023227,1.28,0.925826,7.08,1.26
137,2018-09-27,6684.70938949,228.47393588,0.54241815,0.0058893,0.013078,0.9994200000000001,0.014797999999999999,1.01,1.6,0.099744,0.024296,1.3,0.943549,7.23,1.32
138,2018-09-26,6474.58160941,215.17981715,0.51432169,0.00574769,0.012554,1.0,0.013887,0.9688959999999999,1.55,0.094343,0.024724,1.21,0.899952,6.8,1.18
139,2018-09-25,6439.56257032,218.06851169,0.5283114999999999,0.00570029,0.012803,0.999358,0.013909999999999999,0.9631559999999999,1.56,0.093962,0.024937,1.35,0.907555,6.83,1.15
140,2018-09-24,6601.14291014,228.55022721,0.4929423,0.00573773,0.013123,1.0,0.014471000000000001,0.975978,1.59,0.097626,0.027885000000000004,1.38,0.950194,7.06,1.17
141,2018-09-23,6702.90464229,243.97607375,0.57154709,0.00584898,0.013945,0.999492,0.015285,1.02,1.58,0.10718,0.022295,1.51,1.02,7.36,1.18
142,2018-09-22,6721.98452917,240.32307403,0.57360824,0.00579237,0.013666,0.99774,0.01486,1.01,1.51,0.10417699999999999,0.024222,1.53,1.00,7.05,1.15
143,2018-09-21,6754.67772598,247.79083646,0.56708349,0.00567946,0.014389,0.994986,0.015974000000000002,1.05,1.58,0.106735,0.028267,1.61,1.09,7.46,1.19
144,2018-09-20,6512.75494432,224.26049004,0.44878155,0.00570552,0.013630,1.0,0.014594,0.984592,1.38,0.097318,0.031326,1.43,0.977502,6.99,1.11
145,2018-09-19,6400.64083224,209.57635594,0.32615487,0.00563469,0.013005,1.0,0.013507,0.937182,1.32,0.095635,0.019957,1.39,0.919883,7.17,1.09
146,2018-09-18,6353.99526239,209.78669269,0.32092241,0.00604959,0.012956,1.0,0.013332,0.946182,1.32,0.089567,0.022553,1.25,0.892505,7.44,1.04
147,2018-09-17,6273.4174209,196.96322149,0.27051889,0.00622726,0.012725,1.02,0.012813,0.9101600000000001,1.27,0.08392000000000001,0.02715,0.984448,0.868136,7.47,1.04
148,2018-09-16,6501.49901345,219.95062213,0.28027072,0.006437999999999999,0.014170,1.0,0.013734,0.9884059999999999,1.4,0.102941,0.031283,0.801238,0.971413,8.21,1.13
149,2018-09-15,6524.67067555,223.04911419,0.28200590000000003,0.0061726,0.014275,1.0,0.013527,1.01,1.42,0.10088,0.024335,0.583318,0.916548,8.07,1.15
150,2018-09-14,6492.36704562,211.56396334,0.27678182,0.00617414,0.013978,1.0,0.013296,0.978467,1.43,0.098109,0.020855000000000002,0.654229,0.902700,8.26,1.07
151,2018-09-13,6498.65153172,211.50865356,0.27870936,0.00651832,0.014060,1.0,0.013497,0.915175,1.39,0.101242,0.01908,0.8297370000000001,0.907556,8.14,1.12
152,2018-09-12,6339.01032166,182.66479857,0.26961891,0.00645531,0.013835,1.0,0.012901,0.860509,1.33,0.083732,0.01402,0.6951649999999999,0.854877,7.51,1.06
153,2018-09-11,6289.96127905,183.94635167,0.26300372,0.00639668,0.013121,1.0,0.012277,0.874707,1.33,0.091563,0.01078,0.7046100000000001,0.807065,7.25,1.07
154,2018-09-10,6317.64690575,196.29230113,0.26800726,0.00675572,0.014124,1.0,0.01273,0.902874,1.4,0.094445,0.012776000000000001,0.82125,0.897069,7.51,1.12
155,2018-09-09,6260.21630907,195.87284205,0.2753534,0.00580376,0.014490,1.01,0.012948,0.9288549999999999,1.38,0.090625,0.013569,0.7248859999999999,0.900272,7.45,1.18
156,2018-09-08,6203.58845719,196.62987171,0.27653314,0.00566772,0.014644,1.0,0.012974000000000001,0.912286,1.39,0.08910900000000001,0.015235,0.928261,0.886077,7.62,1.18
157,2018-09-07,6446.21011185,215.51981874,0.28744173,0.00532129,0.015675,1.01,0.013878999999999999,0.9675729999999999,1.5,0.097978,0.016493999999999998,0.704911,0.993833,7.93,1.23
158,2018-09-06,6503.56429735,228.58672956,0.29927655,0.0049798,0.016142,1.0,0.014618,0.995309,1.61,0.101629,0.016808,0.697056,1.07,8.13,1.28
159,2018-09-05,6704.71475914,227.68609151,0.27802628,0.00500819,0.016192,1.01,0.014491999999999998,0.9921709999999999,1.57,0.103027,0.018159,0.525293,1.03,8.06,1.3
160,2018-09-04,7364.44304581,285.20098588,0.33057221,0.00524075,0.019471,1.0,0.018127,1.18,1.97,0.124301,0.021875,0.611745,1.34,9.99,1.51
161,2018-09-03,7255.24079169,288.60435901,0.33509326,0.005203899999999999,0.018753,1.0,0.018058,1.18,1.8,0.119144,0.021684000000000002,0.49167299999999997,1.34,9.91,1.48
162,2018-09-02,7277.19919306,294.93440842,0.34191886,0.00489282,0.017815,0.997898,0.018664,1.17,1.71,0.12164000000000001,0.022843000000000002,0.437812,1.38,10.08,1.47
163,2018-09-01,7193.12246679,295.5652363,0.34702388,0.00609017,0.018176,0.9993040000000001,0.017637,1.2,1.71,0.128861,0.021952,0.39691,1.43,10.29,1.45
164,2018-08-31,7046.78303475,282.11957191,0.33527248,0.00430616,0.017143,1.0,0.01456,1.15,1.57,0.12050699999999999,0.02264,0.395515,1.33,10.04,1.41
165,2018-08-30,6985.97553485,283.76988357,0.33458057,0.00306731,0.017341,1.0,0.014184,1.1,1.53,0.11932899999999999,0.020705,0.39414699999999997,1.20,9.81,1.41
166,2018-08-29,7040.04581263,288.3435350000001,0.34472383,0.00259473,0.016924,1.0,0.014735,1.14,1.6,0.128638,0.019655000000000002,0.319075,1.22,9.97,1.46
167,2018-08-28,7084.51901362,295.56198804,0.35058328,0.00254486,0.017979,1.0,0.0157,1.22,1.7,0.132984,0.020512,0.362693,1.35,10.93,1.58
168,2018-08-27,6902.47153692,285.59614482,0.33761854,0.00249279,0.017823,1.0,0.014476,1.11,1.69,0.130097,0.019277000000000002,0.273935,1.34,10.59,1.4
169,2018-08-26,6729.41221601,274.37157762,0.32331687,0.00243256,0.015233,1.0,0.013682,1.03,1.54,0.11482,0.017675,0.247299,1.31,10.85,1.35
170,2018-08-25,6748.21414819,277.21216094,0.32727728,0.00245048,0.015413,1.0,0.013824000000000001,1.04,1.53,0.109359,0.017487,0.25038299999999997,1.10,10.99,1.38
171,2018-08-24,6693.30788869,283.13956222,0.32658489,0.00244819,0.014535,1.0,0.013681,1.04,1.53,0.106608,0.018040999999999998,0.220081,0.972040,10.57,1.38
172,2018-08-23,6530.66522891,277.52945541,0.32555022,0.00239038,0.014674,1.0,0.012819,0.990381,1.39,0.105573,0.018888,0.21764899999999998,0.891654,9.72,1.39
173,2018-08-22,6369.81019672,272.49608078,0.31804569,0.00248925,0.013787,1.0,0.012554000000000001,0.966823,1.32,0.100773,0.018142,0.216914,0.803651,8.72,1.34
174,2018-08-21,6473.85384868,281.62097557,0.33308414,0.00247892,0.015389,1.0,0.013165000000000001,1.01,1.44,0.10450899999999999,0.018004,0.233094,0.862780,9.32,1.4
175,2018-08-20,6310.51821252,273.877221,0.31722722,0.00250133,0.013057,1.01,0.013111000000000001,0.995482,1.39,0.101288,0.018009,0.258114,0.810223,9.25,1.42
176,2018-08-19,6488.41202577,300.32193018,0.34197182,0.00247744,0.014374,1.0,0.014311,1.11,1.5,0.11650999999999999,0.020954,0.285837,0.931933,9.89,1.53
177,2018-08-18,6418.43716667,294.38766789999994,0.32409266,0.00247095,0.012732,1.0,0.0138,1.07,1.43,0.115495,0.021407,0.266181,0.835146,9.48,1.5
178,2018-08-17,6578.94705862,315.2539257,0.36279115,0.00247584,0.015031,1.0,0.015363,1.17,1.56,0.13183699999999998,0.023114,0.299858,0.971191,10.66,1.57
179,2018-08-16,6322.61420485,286.53549182,0.29092031,0.00233125,0.011221,1.0,0.011844,0.9162520000000001,1.33,0.100785,0.020927,0.238513,0.778348,7.24,1.26
180,2018-08-15,6288.04626781,281.71906191,0.28038602,0.00241738,0.007891,1.0,0.011414,0.9112969999999999,1.29,0.097215,0.02115,0.24409499999999998,0.681913,6.79,1.34
181,2018-08-14,6202.19991566,276.09436169,0.27067446,0.00223586,0.007736,1.0,0.011412,0.908546,1.26,0.095169,0.017616999999999997,0.23573899999999998,0.689304,6.28,1.36
182,2018-08-13,6274.7676068,284.51321164,0.27556971,0.00245512,0.007168,1.0,0.011774,1.04,1.41,0.11111700000000001,0.028997000000000002,0.23236700000000002,0.702442,6.59,1.4
183,2018-08-12,6330.03454277,317.5986186,0.29831839,0.00248467,0.009080,0.999114,0.013321000000000001,1.13,1.6,0.114461,0.029155,0.247569,0.888981,7.15,1.65
184,2018-08-11,6275.25287495,319.87403329,0.29993171,0.00261065,0.009192,1.01,0.013334,1.15,1.58,0.11604300000000001,0.032899,0.270309,0.932410,7.06,1.75
185,2018-08-10,6165.02886932,332.82438279,0.32026567,0.00259432,0.009747,1.0,0.013991,1.22,1.63,0.12317,0.045446,0.252197,0.992805,8.1,1.86
186,2018-08-09,6548.04055443,363.60120154,0.34602608,0.00264179,0.011683,1.0,0.015691999999999998,1.3,1.77,0.137891,0.042934,,1.13,9.25,2.06
187,2018-08-08,6271.18103145,354.05203994,0.32948787,0.00254835,0.010776,1.0,0.015037,1.28,1.64,0.128827,0.040135000000000004,,1.01,8.83,2.0
188,2018-08-07,6730.3463784999985,378.66845197,0.37966024,0.0028069,0.012899,1.01,0.017368,1.62,1.89,0.154961,0.043058,,1.17,10.03,2.12
189,2018-08-06,6944.98718708,404.00640625,0.41373725,0.00284684,0.013424,1.0,0.018084,1.67,1.97,0.16766199999999998,0.041154,,1.16,9.99,2.24
190,2018-08-05,7044.08904097,408.39652177,0.43346486,0.00295291,0.014081,1.0,0.018952,1.69,2.05,0.17439200000000002,0.039527,,1.15,10.97,2.26
191,2018-08-04,7013.11355544,406.47906825,0.43024505,0.00292667,0.013333,0.998554,0.018491999999999998,1.67,1.99,0.166614,0.038539,,1.14,10.86,2.27
192,2018-08-03,7421.93900489,417.19696627,0.44050272,0.0029784000000000004,0.015307,0.99931,0.019618,1.75,2.09,0.174044,0.040601,,1.26,12.11,2.44
193,2018-08-02,7553.60622647,411.05533468,0.4314514,0.00306678,"$3,182,996 USD",1.0,0.021002,1.73,2.2,0.199292,0.041469,,1.22,12.4,2.38
194,2018-08-01,7610.51252298,419.76544251,0.4460486,0.00303629,,1.0,0.02279,1.82,2.43,0.22182600000000002,0.041616,,1.39,12.79,2.57
195,2018-07-31,7752.968664499997,433.40697273,0.43485221,0.00315678,,1.0,0.023892,1.87,2.52,0.238758,0.042137,,1.50,14.9,2.51
196,2018-07-30,8180.93000635,456.8561094,0.4463549,0.00325604,,0.997611,0.024374,2.01,2.84,0.256206,0.041092000000000004,,1.74,16.08,2.65
197,2018-07-29,8211.75844822,465.44664445,0.45249248,0.00327651,,0.9967940000000001,0.023591,2.04,2.95,0.272264,0.043958,,1.88,16.21,2.8
198,2018-07-28,8190.11748672,466.55022523,0.45562715,0.00338024,,0.9974379999999999,0.0235,2.0,2.95,0.274133,0.038791,,1.94,16.29,2.81
199,2018-07-27,8161.90322246,468.69672061,0.45358496,0.00344212,,0.997876,0.023657,1.96,2.86,0.262981,0.037749,,1.95,16.81,2.8
200,2018-07-26,7959.21988897,464.08124103,0.45150009,0.00346835,,0.998275,0.023063,1.89,2.73,0.261619,0.03851,,1.89,16.29,2.74
201,2018-07-25,8180.32125737,472.36121669,0.45952479,0.00343477,,0.9948809999999999,0.024364,1.94,2.91,0.278279,0.033658,,2.10,18.09,2.79
202,2018-07-24,8407.79531239,478.63927505,0.45637511,0.00360033,,0.9928290000000001,0.023847,1.96,2.72,0.277593,0.034613,,1.99,17.18,2.76
203,2018-07-23,7721.92490928,451.07412377,0.44494511,0.00343524,,0.9953270000000001,0.022511,1.91,2.73,0.261727,0.042957999999999996,,2.00,16.69,2.71
204,2018-07-22,7425.79046231,461.36745705,0.44951844,0.00347163,,0.995051,0.022775,1.81,2.75,0.267328,0.049068,,2.16,16.73,2.82
205,2018-07-21,7424.29955259,463.47797976,0.454686,0.00338203,,0.9949450000000001,0.023361,1.82,2.75,0.27778,0.052461,,2.21,17.01,2.87
206,2018-07-20,7348.91089276,450.12383261,0.44596915,0.00335138,,1.0,0.022688,1.8,2.61,0.271379,0.051821000000000006,,2.02,16.52,2.78
207,2018-07-19,7475.40689152,469.89821295,0.47710475,0.00383098,,0.9905379999999999,0.025244,1.94,2.95,0.291476,0.053487,,2.34,18.77,3.0
208,2018-07-18,7393.81792842,481.70187277,0.48843004,0.00370785,,0.990425,0.026133,1.97,3.06,0.308568,0.057944,,2.48,20.11,3.0
209,2018-07-17,7341.35947304,501.52534454,0.50661031,0.00306304,,0.9938790000000001,0.026164,2.05,3.07,0.320375,0.058636,,2.64,21.16,3.18
210,2018-07-16,6756.4192309,481.59299755,0.48120175,0.00259977,,0.9977719999999999,0.024888,1.9,2.65,0.29436799999999996,0.054329999999999996,,2.36,19.72,3.12
211,2018-07-15,6370.69156202,451.83919742,0.44550715,0.00242557,,0.9976290000000001,0.023052,1.76,2.44,0.26922199999999996,0.050927999999999994,,2.09,17.21,2.91
212,2018-07-14,6287.34536857,436.17182479,0.43831055,0.00235828,,0.9991909999999999,0.021951,1.7,2.35,0.255994,0.046337,,2.02,16.66,3.2
213,2018-07-13,6252.54430099,433.23873153,0.43795996,0.00240705,,1.0,0.022005,1.7,2.3,0.252021,0.048851,,1.99,16.64,3.25
214,2018-07-12,6238.16187736,429.63424651,0.43499654,0.00238019,,0.999116,0.021428,1.66,2.31,0.253571,0.049259,,1.99,15.93,3.27
215,2018-07-11,6423.04042267,447.27162796,0.44885031,0.00242855,,0.998765,0.022228,1.75,2.42,0.264481,0.049878,,2.11,17.26,3.39
216,2018-07-10,6330.18659771,433.0692686,0.44564775,0.00250429,,0.999373,0.021774,1.76,2.32,0.276165,0.039852,,2.09,17.71,3.09
217,2018-07-09,6708.48141789,472.7046473,0.4755394,0.00259077,,0.988466,0.024687999999999998,2.01,2.5,0.315452,0.048504000000000005,,2.34,21.33,2.94
218,2018-07-08,6737.46429176,487.10220777,0.47876174,0.00262929,,0.9965629999999999,0.025643,2.13,2.62,0.326265,0.040795,,2.48,21.51,2.86
219,2018-07-07,6774.69022384,485.28717069999993,0.48587951,0.0026111,,1.02,0.02622,2.18,2.66,0.33567600000000003,0.039914,,2.48,23.48,2.82
220,2018-07-06,6636.53627348,470.24792459,0.47830298,0.00261782,,1.0,0.02435,2.16,2.6,0.338001,0.0374,,2.45,23.37,2.65
221,2018-07-05,6560.11114254,468.20360378,0.47789093,0.00261406,,1.01,0.024613,2.16,2.6,0.340339,0.033225,,2.51,23.7,2.63
222,2018-07-04,6586.69057728,466.05599755,0.49031459,0.00269924,,0.9931690000000001,0.026186,2.41,2.7,0.362005,0.035841000000000005,,2.58,23.81,2.5
223,2018-07-03,6519.52895163,461.77172108,0.48521194,0.00268043,,1.01,0.026005,2.07,2.74,0.356815,0.037933,,2.46,23.27,2.41
224,2018-07-02,6615.20849047,475.63415675,0.48760452,0.00254215,,0.994216,0.027018,2.13,2.84,0.373039,0.035914,,2.70,23.11,2.39
225,2018-07-01,6356.93308489,451.14752161,0.46125029,0.00253103,,1.0,0.025141,1.93,2.81,0.34479699999999996,0.026994,,2.44,21.23,1.98
226,2018-06-30,6394.86045141,453.48153488,0.46807441,0.00251781,,0.998189,0.023423,1.98,2.64,0.356537,0.034193,,2.37,20.0,2.03
227,2018-06-29,6194.01375893,434.75196734,0.45357962,0.00244833,,1.0,0.022557,1.83,2.37,0.334459,0.036324,,2.24,19.67,1.91
228,2018-06-28,5895.26573763,421.35941654,0.44925963,0.00243082,,1.0,0.020991,1.7,2.16,0.314688,0.036953,,2.05,18.4,1.83
229,2018-06-27,6142.51936443,441.20397014,0.47104218,0.00243443,,0.999132,0.022765,1.86,2.34,0.328349,0.047746,,2.14,19.97,2.11
230,2018-06-26,6092.15493851,430.11663729,0.45642504,0.00248967,,0.9999549999999999,0.022614,1.82,2.33,0.321117,0.05537,,2.14,19.21,2.15
231,2018-06-25,6262.07588535,458.76526481,0.48048864,0.00252748,,0.999381,0.023864,1.94,2.43,0.33819699999999997,,,2.41,20.35,2.24
232,2018-06-24,6163.31543221,456.07911512,0.47583629,0.00252226,,1.0,0.023767,1.82,2.37,0.31353400000000003,,,2.26,19.37,2.22
233,2018-06-23,6178.74777657,475.01730577,0.49178995,0.00268448,,0.9973559999999999,0.024439,1.93,2.53,0.318571,,,2.52,20.15,2.42
234,2018-06-22,6064.99172248,468.05909029,0.48354491,0.00285538,,1.01,0.024493,2.05,2.54,0.306343,,,2.54,22.53,2.4
235,2018-06-21,6730.25209678,527.51343099,0.53516716,0.0030789999999999997,,1.0,0.027995,2.5,3.0,0.361737,,,2.96,27.63,2.76
236,2018-06-20,6759.16801501,535.95541401,0.53975585,0.0030843000000000003,,1.0,0.029093,2.59,2.99,0.377436,,,3.07,28.11,2.6
237,2018-06-19,6747.40853984,536.67365759,0.54896239,0.00314883,,1.0,0.029955000000000002,2.62,3.12,0.381346,,,3.07,28.94,2.59
238,2018-06-18,6713.93698858,517.52316543,0.53882595,0.00304224,,1.01,0.029233999999999996,2.66,3.18,0.38101399999999996,,,3.01,29.37,2.6
239,2018-06-17,6486.87077603,497.76012931,0.52756442,0.00301751,,1.01,0.028109,2.58,3.11,0.364197,,,2.89,28.96,2.5
240,2018-06-16,6524.45549793,498.17209698,0.53367041,0.00293151,,1.01,0.028047000000000002,2.6,3.03,0.376787,,,2.91,30.41,2.5
241,2018-06-15,6412.56468082,486.52393565,0.53317474,0.00294779,,1.01,0.028131,2.6,3.06,0.361331,,,2.89,28.56,2.45
242,2018-06-14,6664.31213752,519.30816488,0.55901551,0.00301208,,1.01,0.030124,2.71,3.3,0.380893,,,3.21,30.48,2.56
243,2018-06-13,6332.43869688,476.19478366,0.53091879,0.00306217,,1.01,0.027198000000000003,2.54,3.05,0.352978,,,2.84,29.96,2.26
244,2018-06-12,6590.81886592,497.69622121,0.56090767,0.00320031,,1.02,0.027775,2.7,3.33,0.364944,,,3.05,31.0,2.35
245,2018-06-11,6894.0632062,530.71028643,0.59925164,0.00322909,,1.0,0.032398,3.02,3.51,0.41790299999999997,,,3.48,35.37,2.51
246,2018-06-10,6767.85794367,524.24747622,0.58053488,0.00338611,,1.0,0.031429,2.92,3.51,0.40270100000000003,,,3.47,35.68,2.37
247,2018-06-09,7558.59901551,594.01593503,0.65975295,0.00369233,,0.999944,0.036886,3.45,4.13,0.488555,,,4.13,41.4,2.77
248,2018-06-08,7651.40593873,599.61122192,0.67266551,0.00368183,,1.0,0.03907,3.54,4.25,0.513093,,,4.30,42.88,2.68
249,2018-06-07,7688.00820882,603.08479113,0.675821,0.00376561,,1.0,0.038202999999999994,3.7,4.45,0.518822,,,4.42,43.08,2.99
250,2018-06-06,7661.2851736,606.32537739,0.6724515,0.00369243,,1.0,0.038798,3.6,4.44,0.542971,,,4.58,42.6,3.11
251,2018-06-05,7627.98231312,607.48650794,0.67388637,0.0036124000000000004,,1.0,0.03953,3.4,4.51,0.544615,,,4.43,43.26,3.05
252,2018-06-04,7517.14027118,592.54132784,0.65786501,0.00360813,,1.0,0.039458,3.26,4.35,0.504663,,,4.47,40.25,2.92
253,2018-06-03,7724.66580536,618.57276344,0.67840666,0.00365606,,1.0,0.042644999999999995,3.53,4.67,0.553617,,,4.79,42.34,3.18
254,2018-06-02,7658.90077276,591.56814255,0.64168277,0.00354051,,1.0,0.040747000000000005,3.63,4.54,0.521057,,,4.68,42.34,3.19
255,2018-06-01,7541.81351405,579.24685458,0.62147237,0.00342994,,1.0,0.038598,3.13,4.39,0.502484,,,4.53,42.51,3.08
256,2018-05-31,7513.17256169,576.57093346,0.61085331,0.00349838,,1.0,0.039027,3.15,4.43,0.5176850000000001,,,4.64,39.16,3.07
257,2018-05-30,7427.95592129,558.95889693,0.6016309,0.00341627,,0.997775,0.037986,3.12,4.34,0.476337,,,4.37,38.97,2.92
258,2018-05-29,7485.65331433,564.86533889,0.59746395,0.00342296,,1.0,0.038644,3.18,4.48,0.482321,,,4.50,38.94,2.99
259,2018-05-28,7139.385654000002,514.5581861000002,0.55116825,0.0033650999999999998,,1.02,0.035084,2.98,4.08,0.449859,,,3.85,37.25,2.77
260,2018-05-27,7394.35209426,570.50367445,0.60645507,0.00356242,,1.01,0.040007,3.2,4.6,0.496113,,,4.34,40.24,3.12
261,2018-05-26,7386.85123577,586.98835822,0.60998926,0.00359152,,1.01,0.039921,3.19,4.79,0.502692,,,4.36,38.7,3.13
262,2018-05-25,7501.56786451,584.39261159,0.60611305,0.00359315,,1.02,0.041348,3.19,4.91,0.49534700000000004,,,4.61,39.06,3.11
263,2018-05-24,7580.76802391,600.20990879,0.62573693,0.00359523,,1.0,0.043863,3.28,5.33,0.516759,,,4.82,38.69,3.21
264,2018-05-23,7569.33715947,581.06467331,0.59374537,0.00372598,,1.01,0.040812,3.02,5.41,0.49510299999999996,,,4.46,37.43,3.15
265,2018-05-22,8067.24044353,645.40614487,0.640551,0.004215,,1.0,0.047008999999999995,3.58,5.79,0.570493,,,4.97,43.54,3.48
266,2018-05-21,8430.94044815,697.44014152,0.67646887,0.0042913000000000005,,1.09,0.053975999999999996,3.84,5.76,0.6360210000000001,,,5.84,45.62,3.89
267,2018-05-20,8555.56843902,715.03720142,0.69789505,0.00439845,,1.01,0.0566,4.0,5.89,0.668597,,,6.23,46.5,3.94
268,2018-05-19,8290.73614976,695.45719861,0.67432149,0.00436269,,1.01,0.053114999999999996,3.85,5.76,0.6302949999999999,,,5.93,44.78,3.85
269,2018-05-18,8267.49124667,693.09198401,0.67571677,0.00427436,,1.01,0.053546,3.81,5.84,0.64178,,,6.10,44.19,4.01
270,2018-05-17,8111.58886524,670.68686339,0.6593474,0.00438399,,1.01,0.051586,3.79,5.68,0.6512979999999999,,,5.77,43.77,3.6
271,2018-05-16,8370.76133642,706.46509084,0.70697997,0.00442684,,1.01,0.05608,3.95,6.29,0.655667,,,6.22,46.32,3.66
272,2018-05-15,8515.87436058,706.79897975,0.69298373,0.00452039,,1.0,0.056542999999999996,4.39,5.9,0.705083,,,6.56,47.92,3.69
273,2018-05-14,8698.51012911,727.85441268,0.7285672,0.00445898,,1.0,0.059588999999999996,3.95,6.31,0.6547470000000001,,,6.94,50.35,3.67
274,2018-05-13,8698.99790263,727.26593329,0.72922896,0.00451689,,0.996396,0.062113,3.97,6.49,0.683685,,,7.34,48.32,3.89
275,2018-05-12,8502.51620143,684.47923681,0.68466528,0.00429528,,0.996941,0.05845,3.89,6.05,0.632905,,,7.00,46.58,3.76
276,2018-05-11,8442.20750983,677.60907107,0.67901803,0.00458093,,0.999016,0.0586,3.89,5.68,0.647942,,,6.75,49.28,3.73
277,2018-05-10,9052.80978121,725.07203125,0.75133089,0.00499616,,0.999081,0.06888,4.42,6.59,0.756908,,,7.35,55.33,4.13
278,2018-05-09,9326.21797432,749.92662136,0.79507488,0.00506275,,0.9980629999999999,0.076098,4.67,7.12,0.817091,,,7.79,56.97,4.21
279,2018-05-08,9221.41042078,749.84337969,0.80663187,0.00525359,,1.0,0.074241,4.55,7.51,0.854302,,,7.79,56.18,4.27
280,2018-05-07,9374.06131076,751.56249635,0.82512723,0.00487618,,1.0,0.075688,4.16,7.62,0.8435819999999999,,,8.07,57.04,4.28
281,2018-05-06,9645.33893595,790.84911785,0.86274132,0.0050058,,0.997977,0.075361,4.28,7.91,0.86335,,,8.33,60.64,4.42
282,2018-05-05,9821.48400361,815.73988189,0.89941929,0.00521983,,0.9974,0.079136,4.59,8.21,0.93474,,,8.63,59.57,4.68
283,2018-05-04,9702.20217206,781.76956705,0.88895619,0.00526626,,0.994183,0.079788,4.77,8.02,0.9119719999999999,,,9.21,47.73,4.72
284,2018-05-03,9747.30722129,780.28499885,0.88146033,0.00541601,,0.999906,0.079351,4.58,7.67,0.908493,,,9.75,47.5,4.63
285,2018-05-02,9235.36866148,686.96870001,0.85800102,0.00536348,,0.995539,0.081137,4.64,7.62,0.948501,,,8.79,47.0,4.09
286,2018-05-01,9104.4157047,673.02614581,0.83655265,0.00528027,,0.99772,0.079578,4.68,7.22,0.945355,,,8.20,47.08,4.08
287,2018-04-30,9242.93318688,668.86139746,0.83100355,0.00536881,,0.999102,0.07720199999999999,4.49,6.77,0.924452,,,8.20,46.34,4.07
288,2018-04-29,9414.92919297,689.12329007,0.86895494,0.00546367,,0.9948379999999999,0.070492,4.99,7.16,1.01,,,8.50,51.98,4.28
289,2018-04-28,9340.10384218,682.69918485,0.86186101,0.00550702,,1.01,0.072482,4.26,6.47,0.839786,,,8.72,44.86,4.42
290,2018-04-27,9007.22026044,651.5081539,0.81483317,0.00550872,,0.997251,0.067597,2.9,6.01,0.753895,,,8.02,40.83,4.29
291,2018-04-26,9281.19512075,661.74687496,0.84628048,0.00539223,,1.01,0.070743,2.61,6.23,0.789756,,,8.23,42.78,4.5
292,2018-04-25,8861.46567894,615.20136354,0.79042016,0.0051833,,0.99615,0.06104400000000001,2.29,5.76,0.71237,,,7.28,40.14,4.18
293,2018-04-24,9702.50271596,704.57116341,0.92560894,0.00585556,,1.0,0.068623,2.62,6.69,0.8514700000000001,,,7.73,47.46,5.18
294,2018-04-23,8948.10460143,643.38836129,0.87550542,0.00562007,,0.996925,0.068823,2.33,6.13,0.800409,,,6.58,44.5,4.83
295,2018-04-22,8804.85016775,622.17124547,0.86168492,0.00564176,,0.998857,0.068507,2.32,5.74,0.748965,,,6.32,44.15,4.06
296,2018-04-21,8871.82306495,602.9048749,0.86529034,0.00550981,,1.01,0.068577,1.98,5.81,0.738085,,,6.20,44.53,3.58
297,2018-04-20,8842.94574758,616.27213081,0.9176514,0.00589512,,0.991088,0.069369,2.06,6.0,0.807661,,,6.63,43.59,3.48
298,2018-04-19,8284.75588285,568.86974369,0.78576575,0.00570986,,0.99871,0.073157,1.99,5.77,0.745103,,,6.56,39.0,3.26
299,2018-04-18,8155.57001228,524.50381126,0.70790568,0.00530658,,1.0,0.064996,1.86,5.61,0.67587,,,5.97,37.08,3.09
300,2018-04-17,7899.99600976,503.50424104,0.65480111,0.00489742,,0.9948799999999999,0.073001,1.73,4.97,0.630025,,,5.38,35.77,3.04
301,2018-04-16,8057.44038623,511.33870972,0.66270656,0.00452136,,0.998114,0.094058,1.78,4.83,0.646452,,,5.68,39.03,3.14
302,2018-04-15,8360.88220011,533.43246626,0.69320641,0.00437724,,1.0,0.09082799999999999,1.83,5.03,0.637871,,,5.98,40.63,3.32
303,2018-04-14,7993.40313113,502.7443415,0.64259078,0.00424298,,1.01,0.086951,1.72,4.71,0.619794,,,5.63,38.59,3.15
304,2018-04-13,7888.04353599,493.26669547,0.63924162,0.00415301,,1.01,0.091562,1.7,4.62,0.582653,,,5.74,38.77,3.07
305,2018-04-12,7917.77718206,493.63124559,0.63754153,0.00350726,,1.01,0.090361,1.66,4.5,0.565871,,,6.04,39.44,3.26
306,2018-04-11,6984.19199039,430.89995877,0.54251312,0.00336743,,1.01,0.082343,1.47,4.06,0.4543,,,4.37,34.35,2.75
307,2018-04-10,6849.6086791000025,414.63460391,0.48994243,0.00294304,,0.9995620000000001,0.08413,1.35,3.73,0.41853500000000005,,,4.48,33.57,2.47
308,2018-04-09,6785.96065259,398.65382971,0.48626944,0.0028044,,1.01,0.078112,1.32,3.58,0.411646,,,3.69,32.91,2.36
309,2018-04-08,7030.91407786,399.23215471,0.49933236,0.00287017,,1.01,0.06775700000000001,1.39,3.76,0.411946,,,3.92,33.25,2.39
310,2018-04-07,6924.77559833,385.14153543,0.48535707,0.00282978,,1.01,0.064449,1.39,3.74,0.390075,,,3.59,37.45,2.21
311,2018-04-06,6627.73032217,369.95632033,0.47222317,0.00270612,,1.01,0.05848300000000001,1.36,3.53,0.353527,,,3.02,28.53,2.09
312,2018-04-05,6818.00180159,382.66455396,0.49108915,0.00276497,,1.01,0.054932,1.41,3.54,0.37032,,,3.17,27.14,2.2
313,2018-04-04,6809.22860414,379.05120786,0.49220706,0.00276409,,1.0,0.056866,1.43,3.57,0.365687,,,3.04,25.65,2.29
314,2018-04-03,7431.60784856,415.04220775,0.5481233,0.00303731,,1.0,0.071145,1.5,4.05,0.411524,,,3.52,28.26,2.51
315,2018-04-02,7067.67878269,384.62663802,0.49324629,0.00293235,,0.9973870000000001,0.047822,1.47,3.66,0.368356,,,3.19,26.79,2.28
316,2018-04-01,6811.7743311,377.05997644,0.4794929,0.00283735,,1.01,0.043729000000000004,1.47,3.38,0.368187,,,3.08,25.01,2.23
317,2018-03-31,6940.56190022,394.50116152,0.50192121,0.00287597,,1.0,0.038975,1.59,3.71,0.3841,,,3.27,27.85,2.28
318,2018-03-30,6861.76176282,394.06160991,0.49996397,0.00292705,,0.9944,0.035945,1.54,3.65,0.382213,,,3.29,28.01,2.25
319,2018-03-29,7120.34138335,385.34268069,0.50548798,0.00317658,,1.01,0.036914999999999996,1.42,3.87,0.379206,,,2.96,29.72,2.31
320,2018-03-28,7951.85795178,445.56747855,0.57462728,0.00334604,,1.0,0.041806,1.64,4.58,0.433242,,,3.42,33.12,2.62
321,2018-03-27,7822.07047386,449.41666568,0.57263795,0.00325329,,0.999424,0.039978,1.58,4.4,0.405681,,,3.35,30.47,2.54
322,2018-03-26,8174.56038297,487.70166506,0.5905789,0.00335271,,1.0,0.044531,1.61,4.91,0.423541,,,3.80,33.29,2.71
323,2018-03-25,8481.61213115,522.84391921,0.63395525,0.00359276,,0.995833,0.040701999999999995,1.64,5.43,0.47022700000000006,,,4.15,35.61,3.03
324,2018-03-24,8602.51059636,524.79192684,0.63065148,0.00368941,,0.9989,0.044792,1.67,5.21,0.503488,,,4.19,37.1,2.91
