,Date,BTC Pct Change,ETH Pct Change,XRP Pct Change,DOGE Pct Change,VET Pct Change,TUSD Pct Change,XVG Pct Change,AE Pct Change,STRAT Pct Change,LRC Pct Change,AOA Pct Change,QNT Pct Change,WAN Pct Change,ELA Pct Change,KCS Pct Change
0,2019-02-11,-0.011795757603712877,-0.030340231925291224,-0.014930680152697053,0.023803591819786085,-0.0038226299694190673,-0.009803921568627416,-0.008928571428571286,-0.006203168513855162,-0.01842555680346181,0.0010042214494263568,0.03214285714285703,-0.08064516129032251,-0.005855122131277922,0.05633802816901424,0.033864541832669286
1,2019-02-10,0.005949991517758546,0.04319686177102855,-0.0055809195510490035,0.008172535818216975,0.03453568687643882,0.00990099009900991,0.029529529529529475,0.01791285096105466,-0.0032351930514635807,0.02712393408512459,-0.04445035932925212,0.162907268170426,-0.0056375354262043756,0.04888888888888876,0.02914327597407995
2,2019-02-09,0.0018533377772744766,0.0010236331990176595,-0.004431292090087857,0.01049995474157428,-0.009396636993076135,-0.009803921568627416,-0.006643979906012065,0.01697909933204067,-0.017162444820154273,-0.013330439343787859,0.17339832869080785,-0.08620689655172398,-0.0067931198679058715,-0.03389830508474578,0.008203775193359242
3,2019-02-08,0.0790101217365351,0.14860118463845273,0.06989408780370576,-0.02008499795965069,-0.009985022466300621,0.0,-0.012724306688417621,-0.022049787752721373,0.01707406264925959,0.010192483959669874,-0.0421364985163204,-0.02358490566037752,0.00954713206636093,0.008771929824561429,-0.01345913026725598
4,2019-02-07,-0.0043665496992135715,-0.00348702118794475,0.007248111913229716,-0.01912548880199083,-0.06858295511850733,0.0,-0.0674157303370787,-0.07526182847908812,-0.08078684595111862,-0.059775705004899475,-0.06468401486988863,-0.28743961352657,-0.07003805970659183,-0.08260869565217388,-0.053656962142047286
5,2019-02-06,-0.015464410321437859,-0.02300051231588552,-0.007037840489767411,-0.03802862113241934,-0.015430427720628082,0.0,-0.006732813607370658,-0.007224186831087388,-0.018085881996072528,-0.009399366942021148,0.04451510333863285,-0.2033898305084746,0.03824054548527167,-0.004739336492890933,0.005694862013521984
6,2019-02-05,0.0009640527576990633,-0.0009407173964286477,-0.02517366137292609,0.06484964935225701,0.040967830629639934,0.0,0.024794862647163685,0.02639177318511443,0.041914958769284194,0.04989771066731618,0.09893455098934534,-0.025531914893617055,-0.06995580435021076,0.014285714285714237,0.008925670707727207
7,2019-02-04,0.0008785825134276504,-0.00029981943317247683,-0.009142361329988248,0.018317091908940156,0.010829371368198615,0.0,0.02349869451697129,-0.0012172228924461905,0.019155319339850152,0.02308577367034093,-0.2678901200369345,-0.048034934497816484,0.036482686988513764,-0.004694835680751018,0.021407790300256968
8,2019-02-03,-0.01540628477757888,-0.027024020072687338,-0.030917052183114687,-0.0016230543202031544,0.009668147373922187,0.0,-0.008673469387755041,0.0071795344000171735,0.005915476064396685,0.02296390350081623,0.04209364653949232,-0.013761467889908395,-0.003362380976852486,0.0,-0.004502100334892178
9,2019-02-02,0.007883715277166248,0.02593093950638848,0.014196072456308384,-0.027487633299361103,0.02277432712215321,0.0,0.036541430777148776,0.01128544347194782,0.054636116512736255,0.010408539612738466,0.2537065052950078,0.03720930232558151,0.01567161430518227,0.03301886792452824,0.034196249246488016
10,2019-02-01,0.008047424962881244,0.004717417561540094,-0.009489598313636828,0.007473826271879647,-0.006072874493927238,0.00990099009900991,-0.012909632571996177,-0.013807791710538921,-0.0636817954932255,0.013372409315058896,-0.03282249306142149,0.04484304932735439,0.001867532137871164,-0.022831050228310446,-0.02507178524326392
11,2019-01-31,-0.008042396161068166,-0.012115230566462576,-0.03485358392356541,0.023264900191802163,-0.004837067209775947,-0.009803921568627416,-0.0055331991951709245,-0.008735531775496684,-0.019742597328859524,-0.046774612520564585,-0.04791016843418594,-0.01716738197424894,-0.0038801216157522407,-0.004672897196261738,-0.02870036946525345
12,2019-01-30,0.011423173766130112,0.0313763564371341,0.11455456214652647,0.019314400757699742,0.03300076745970837,0.0,0.044511886697015564,0.028072208214677152,0.09889136417245448,0.0793183634910255,0.007862665443585382,-0.06986899563318782,0.052146013197290834,0.014084507042253724,0.04554944119816184
13,2019-01-29,-0.00672256484935907,-0.021977869499147595,-0.020240584202703586,-0.03361095165354788,-0.0326894502228825,0.0,-0.021468926553672385,-0.006452722366262932,-0.031059048563973683,0.005992257195758244,-0.014952541932128471,-0.03286384976525813,-0.006420107819131826,-0.0092592592592593,-0.028171612434142342
14,2019-01-28,-0.03306044943261477,-0.053672059142650164,-0.05773295185611471,0.04915705591269015,0.007168458781361853,0.0,0.0042890135268889296,-0.01585446063146223,0.029798687784531763,-0.004618010239935799,0.013067581837381326,-0.09708737864077666,0.024372610358011748,0.0046728971962615145,0.045213196580814685
15,2019-01-27,-0.0044410270483202785,-0.025261359266179232,-0.014345409056544687,0.024624065561814627,0.05871886120996427,0.0,0.05847568988173446,0.058438202642409065,0.08468671532427985,0.14985711884350314,0.1383713355048859,0.053763440860215006,0.07117796357121531,0.06976744186046502,0.08048129056382057
16,2019-01-26,-0.00018292405693820515,0.001888599921855194,-0.0012842835520536775,0.021405224167158288,0.050900360144057855,0.0,0.028398510242085617,0.052271942942597516,0.06318044141028277,0.06711497697536739,-0.1664186791804968,-0.11734693877551015,0.07469693274076694,0.0,0.00855780473274792
17,2019-01-25,-0.0011187778918154698,-0.010992454326347543,0.003960145287721373,0.0038557288060994117,-0.006854009595613553,0.0,0.0045269352648258385,0.010594388690897016,0.008074135717194952,0.0569072277933036,0.022792805162707763,-0.005780346820809301,-0.047967695345889634,0.021739130434782702,-0.0016053724831803786
18,2019-01-24,0.0063109910618104345,-0.001180630405625327,-0.002515961891109143,-0.0036947725134500726,0.014492753623188246,0.0,0.011716989634970698,0.0020072404890456585,0.013750046261837843,0.04423849643551514,0.08336689488521952,0.040697674418604717,0.014981609679376671,-0.051063829787234116,-0.0017626120044188511
19,2019-01-23,-0.006459937466237964,-0.010565990379756474,-0.0089827657232191,0.008095384347395651,-0.00430839002267569,0.0,-0.00029695619896064063,0.0005781747431201634,0.024237931485581177,0.06337897049514063,0.07955390334572487,0.055865921787709334,-0.02610764561440959,-0.022421524663677084,0.053935745342226005
20,2019-01-22,0.008943647111070874,0.017014821260979973,-0.002658599536521145,0.0032148784757748405,0.04030972443634706,0.0,-0.0037130551017376954,0.008763516915625713,-0.00990099009900991,0.21286579742964173,0.04797979797979779,0.010582010582010692,0.047579523672308666,0.00917431192660545,0.01879999253320364
21,2019-01-21,-0.008786906490168667,-0.019622889246377118,-0.004025625146627632,0.0007977445585662933,-0.09588441330998254,0.0,-0.012224209898628269,0.009797373581317936,-0.025109000000000048,-0.334420865213416,0.08466593647316545,0.015706806282722585,-0.045313887468718894,-0.01363636363636378,0.028431981054507283
22,2019-01-20,-0.03346876578088232,-0.0433500159332626,-0.03379746927424998,-0.013138705966539543,-0.02857142857142858,0.00990099009900991,-0.00271657108361012,0.022160919107349075,0.016718792152148332,-0.016455311826713115,0.06604059375946658,-0.005154639175257714,-0.018615080595406952,-0.01843317972350233,-0.0032447359337246517
23,2019-01-19,0.0215333384797296,0.03459106167659187,0.030153683971857026,0.035539727485922164,0.03140578265204397,-0.009803921568627416,0.05054479418886193,0.023812813462840362,0.049243838214671376,0.01808318264014464,0.061002178649237626,0.031088082901554518,0.09848516276442633,0.04225352112676073,0.043833700494662516
24,2019-01-18,-0.006590862369367567,-0.026674444975959832,-0.01719697916032381,-0.014988410794137597,-0.014983083615273231,0.0,-0.03702103140305402,-0.02766737966230537,-0.04533557692307688,-0.09104824618406047,-0.12284617444870992,-0.05025125628140703,-0.05001031290216695,-0.00450450450450457,-0.008904166764769572
25,2019-01-17,0.006095203127385096,0.0026216951550814827,0.005291911949670602,-0.04191506305706416,0.04563297350343487,0.0,0.02198952879581162,0.08364291629462728,0.07770450953869212,-0.07690963396034578,0.012722646310432628,0.042328042328042326,0.02477263970349908,0.02262443438914019,0.015728764655956295
26,2019-01-16,0.005687378700597101,0.01353263100307034,0.0008079043842987853,0.06898559708466599,-0.06288127639605823,0.0,0.00995316159250592,0.12211475448329745,0.04672897196261694,-0.15250503416346828,0.10582914572864333,-0.020304568527918843,-0.0578667024752697,0.013274336283185972,0.024634291546181464
27,2019-01-15,-0.018734678609366173,-0.06105306844572045,-0.025298299543168985,-0.04914050247547597,-0.016274411617426154,0.0,-0.012028985507246293,-0.21211717684389544,-0.0892857142857143,-0.16061492222086834,-0.014541488684904125,0.07253886010362698,-0.06938993991568554,-0.03056768558951961,0.02462098417533709
28,2019-01-14,0.046024115270183685,0.10900226904045353,0.05668695957802127,0.056466479091879414,0.029015016543649574,0.0,0.0208302772480562,-0.10340348267835943,-0.1017088235294118,-0.0011129122009049253,-0.05109287097666704,0.0869565217391306,0.04054592175348426,0.03603603603603589,0.02722112072195415
29,2019-01-13,-0.03181715280245856,-0.06955056703477402,-0.04944704838691572,-0.07028062395864765,-0.06381399950531774,0.0,-0.07932174162954453,-0.048559533363135454,-0.10154901954364326,-0.06684912926587061,-0.029157352512391817,-0.2,-0.059935629055892885,-0.039130434782608685,-0.018842219821297523
30,2019-01-12,-0.003313734902482545,-0.010587528106390742,-0.004427014672227836,0.0669009115796011,0.06208718626155885,0.0,0.07320118620259097,0.07275279785794743,0.08323250875837562,0.045189088171931464,-0.009009910901992213,0.14444444444444438,0.08558336000890754,0.013574660633484337,0.023088284052204644
31,2019-01-11,0.0006080526177467682,-0.011638580011521626,0.006882644796196269,-0.015836276182540462,-0.0034825870646766344,0.0,0.043920884235020496,-0.019455951030315832,0.01939712693304041,0.014776000794675559,0.0022224467117890607,0.06796116504854366,0.010314069506187408,0.0,-0.005283367213662071
32,2019-01-10,-0.09278773135862196,-0.14880328337624538,-0.10380661188065833,0.025292412724153168,0.01547678482276571,0.0,0.05851212036779053,-0.000266389693140634,0.007633436630595014,-0.03944889019406295,0.1134966233242618,-0.018181818181818188,-0.01005967279891129,0.02232142857142838,0.00841733224077168
33,2019-01-09,0.002822242013076348,0.0024728832621108143,0.0179405201736822,0.009900600764609413,0.1725663716814161,0.0,-0.046196367465122457,0.10255506181080197,0.23367024540212175,0.13729586507350122,-0.1047343170091426,0.1064814814814814,0.1861732810336872,0.11353711790392995,0.14671305887006136
34,2019-01-08,-0.0005945865808382187,-0.008518305061372966,-0.0035334742189706563,-0.01237772614983912,-0.08134171907756815,0.0,-0.010073133710500892,-0.014253979103603045,0.017699115044247815,-0.01966845878136192,-0.08776541961577355,-0.02092050209205032,-0.016558465241811926,-0.007843137254901933,0.018092810174046958
35,2019-01-07,-0.013025472146620977,-0.042253254040451216,-0.007141941229015347,0.0018223234624146207,-0.04701049748973063,0.0,0.004042375243936469,0.010351633601699772,-0.02608695652173898,0.08187468580046597,0.08767457326535122,0.09401709401709413,0.009540841835753657,0.07905138339920947,0.0004192921342471845
36,2019-01-06,0.060600871290672924,0.013254604818740969,0.03790550054161912,0.019816699898555168,0.039272030651340994,0.0,0.02943218103567968,0.020353889029146144,-0.017857142857142905,-0.05964727003907488,0.10781616223377144,-0.10546875,0.04162596227893767,0.00366300366300365,0.033271136459271045
37,2019-01-05,-0.0028951520835391875,0.00358661807891969,-0.01723532589908605,0.03843020563568711,-0.06129032258064515,0.0,-0.057720836142953535,-0.04704709513914751,-0.018181818181818188,-0.026818804609060942,-0.009106797902676655,0.013100436681222629,-0.051316146965390434,-0.007299270072992692,-0.016453607511450974
38,2019-01-04,0.002102026757063946,0.04100605918895961,0.007485011059604529,0.0006523776688645012,0.004909180166911886,0.0,-0.011306712466008341,-0.01296193597176698,0.0,-0.03965194913102677,-0.007890828072781297,0.10775862068965524,-0.02753475922575521,0.003676470588235281,-0.0013312482060314768
39,2019-01-03,-0.02491328887106325,-0.0454050824733232,-0.046362127223194334,0.02681669823271404,-0.010503175378602791,0.0,0.01056745801968728,0.011178420566046343,0.0277777777777779,-0.005840082674421375,0.04575652662112839,-0.1361867704280154,-0.0019765420142606733,-0.01831501831501825,0.014220561587469982
40,2019-01-02,0.022565251683978268,0.1119801655721704,0.03009812890158603,0.009917700765125659,0.04443347321648994,0.00990099009900991,0.02893568256696755,0.04801040574841831,0.045045045045044814,0.035729826427500784,0.04813886900501085,-0.04504504504504503,0.01410153102336831,0.059701492537313376,0.06385016286644962
41,2019-01-01,0.029534485616735218,0.05466684416312728,0.02558543285447601,0.0016712027885212866,-0.020326164027416715,-0.009803921568627416,-0.018098287623555587,-0.03548671627978717,0.0,-0.0168518345625992,-0.09859996585282572,-0.028301886792452824,-0.02076303670253543,-0.017605633802816878,-0.01943343886442828
42,2018-12-31,-0.032293026043209605,-0.051070393845883084,-0.03916958443511853,-0.023421362061842643,-0.04173703256936079,0.0,-0.0267971076137814,-0.028654311764308993,-0.0775862068965516,-0.05194435212003234,0.10644947438204366,0.05339805825242716,-0.038209335615283835,-0.05734767025089616,-0.03582301603409799
43,2018-12-30,0.008526641821783087,0.015215247732807137,0.010599808870283002,0.0011348844777090414,0.06193353474320262,0.0,0.059149184149184235,0.045947148689006616,0.12149532710280365,0.01885611258576669,0.015492596079773826,-0.15668202764976955,0.05848434436456551,0.034220532319391817,0.024309991660796948
44,2018-12-29,-0.02319207039121851,0.009146821502516778,-0.028410399762322288,0.014098870871407819,-0.01493598862019929,0.00990099009900991,-0.005364511691884455,0.004097262015725135,0.01666666666666661,0.002187430874726504,-0.08698583951449768,0.010928961748633892,-0.018708585573676828,0.007352941176470562,-0.01351611975124012
45,2018-12-28,0.07661378934335272,0.18118416112212965,0.11335471028204512,0.007504337130242122,0.05391095066185314,-0.009803921568627416,0.03844558152399391,0.025450733444531748,0.0901639344262295,0.05839219148518748,-0.02548005908419504,-0.021621621621621626,0.0573473934693014,0.032846715328467065,0.03995173293506071
46,2018-12-27,-0.053455593459830975,-0.1192381463276404,-0.10733913459337607,-0.03721834710612349,-0.10459008906142953,0.00990099009900991,-0.10773738180849646,-0.10180332959132488,-0.03759398496240607,-0.13566744676414033,-0.023683213338385637,-0.14364640883977894,-0.1022635058372916,-0.0848056537102474,-0.07560570082239426
47,2018-12-26,0.011106068616767216,0.015299761508144716,-0.0060390174545579284,0.04117255878696247,0.12343789849528175,-0.009803921568627416,0.12194029850746267,0.1309061609156279,0.0546875,0.1361589190928103,-0.00019406171162428265,0.129032258064516,0.12563350065986525,0.07722007722007729,0.049023660846749584
48,2018-12-25,-0.0639874012086129,-0.06945770483034007,-0.06166104656965665,-0.0029356808200863282,-0.006129398410896769,0.0,-0.005188239989357468,-0.038412791723002826,0.05925925925925912,-0.01760222741322759,0.02532996894409933,-0.08571428571428563,-0.031224737808566938,-0.02867383512544808,-0.009280108310305124
49,2018-12-24,0.018381405768261416,0.06295070592490283,0.08636289786038831,0.045776287047757824,0.09524897213339444,0.0,0.12169029152179722,0.17666204495046922,0.16083916083916086,0.13390176534165965,0.2738286796024612,0.18749999999999975,0.1264765125705618,0.12915129151291516,0.08197118353454824
50,2018-12-23,-0.005408254800965295,0.12087143517043453,0.030948258334237973,-0.006159734587347311,-0.01522419186652779,0.0,-0.03040057224606585,-0.02127257197365651,-0.12650602409638556,-0.03234484219445033,-0.08901768464853621,-0.03157894736842093,-0.003470765849626134,-0.0326797385620915,-0.008666274317378986
51,2018-12-22,0.03238115385381035,0.06607868374717052,0.01003378735071392,-0.003460724225452405,-0.017789072426937502,0.0,-0.013771056190827635,-0.02803924857786555,-0.027586206896551783,-0.026968456537442956,0.0540783034257748,-0.08695652173913049,0.0014743671789618773,0.01013513513513531,-0.07192514688443498
52,2018-12-21,-0.0592846844672521,-0.05676532198627182,-0.05256292880610902,0.021497197604422258,-0.03492884864165602,0.00990099009900991,-0.04475751153222773,-0.00930873723625969,-0.11347517730496448,-0.04506085352410516,-0.04078000464288478,-0.053571428571428485,-0.0696184331797235,-0.04013377926421413,-0.04725397784491436
53,2018-12-20,0.10394236086937858,0.14967561927313144,0.07113101623425,0.04711386226114955,0.02211796246648801,0.0,0.08235447663795359,-0.06493767103803694,0.19199999999999995,0.019411986430456274,0.1757825104872539,0.05660377358490565,0.048987053195227004,0.06271777003484312,0.09610213462585704
54,2018-12-19,0.014857195016633629,0.0009202697052872467,0.015223687289773304,0.012961639437287342,-0.07759562841530042,0.0,-0.16013505365971292,-0.05799784450738499,-0.2684563758389261,-0.06731835829173616,-0.11684391080617496,-0.14880952380952386,-0.12450483891682786,-0.0491803278688524,-0.11198491644332942
55,2018-12-18,0.044566847793778175,0.06359013875667685,0.06043360104155584,-0.062355076831438816,-0.01966824644549781,-0.009803921568627416,-0.05139985642498224,-0.02436661325856193,-0.15548715596330276,0.018583215639634387,0.05989745183343698,-0.006993006993006978,-0.009679191607723792,0.006896551724137946,-0.027421061501920918
56,2018-12-17,0.0900818259779339,0.11568672394737955,0.14328143030009866,0.0015238657031901859,-0.025380710659898442,0.00990099009900991,-0.04843347964280298,-0.030679459183437837,-0.2164235610563171,-0.07480113843683868,-0.06310928681375072,-0.06338028169014076,-0.062253113672274485,-0.058219178082191785,-0.04753993222107278
57,2018-12-16,0.003282973342296991,0.009167427093940805,0.010680674174054605,-0.17858356427120534,-0.1517857142857142,0.0,-0.10529664386829972,-0.10698581870067847,-0.12753415028760706,-0.12402061313561552,-0.012517602879048684,-0.21804511278195493,-0.10500379427297092,-0.07272727272727275,-0.08514864484666608
58,2018-12-15,0.001140219048110902,0.003279592078401894,-0.011908428779583868,-0.009578878664472823,-0.017543859649122858,0.0,0.0031999999999998696,0.009453454557312169,-0.017468421612980456,-0.021520545067082897,0.04119790841388049,0.1826923076923077,-0.007288357316389438,-0.019607843137254832,-0.022902985732532688
59,2018-12-14,-0.02238698841715303,-0.02386783726341668,-0.04045798748044704,0.008376725234130689,0.0056547619047617745,-0.009803921568627416,0.01063264221158966,-0.02832970169678684,-0.08797148374450525,0.029263803680981807,-0.027697458529904132,-0.05691056910569114,0.008732848058902398,0.008000000000000007,-0.013015598574851685
60,2018-12-13,-0.04989709034059942,-0.04150980515956471,-0.0184203349925336,0.0032538210536487977,0.044095886356910315,0.00990099009900991,-0.0248991758723478,0.12221990516170568,0.04725315647609585,0.04491267807116883,0.07904210361558928,-0.05172413793103437,0.06635148071732444,-0.011904761904761862,0.02489269291358687
61,2018-12-12,0.019395042234351845,0.02079721924921185,0.0365437030365785,-0.0047662736822789995,0.056972789115646176,0.0,0.061499730264340975,0.06544238242589251,0.12276337824497485,0.040073015601380664,0.08384102117783576,0.17272727272727262,0.06816679198319897,0.04016064257028097,0.015986707820978774
62,2018-12-11,-0.02304913825512056,-0.026491153742065118,-0.01897591657513253,-0.0028485694926503324,0.0002681684097611825,0.0,-0.03150940199898366,-0.032450413150025725,-0.033441567745039265,0.0021115559699445012,-0.035867237687366105,-0.05426356589147297,-0.02380872915939736,-0.027027027027026973,-0.032086893496258706
63,2018-12-10,-0.031995736211743564,-0.03890810326137173,-0.035212940419220407,0.0030231171388552802,0.0276139410187668,0.0,0.035857967465454006,0.03565746471219833,0.0305277167951592,0.004241578414470704,0.05705163797890056,0.11475409836065588,0.017657224201057975,0.04761904761904767,0.026299414232649143
64,2018-12-09,0.03891863255065009,0.03145742669785534,0.009062574490328993,0.0037375510975312665,0.06183146360553105,0.0,0.06433637284701121,0.08178997553161982,0.04623306856756981,0.013651970134612279,0.040906106369008384,0.0808823529411764,0.06139533747277959,-0.003787878787878896,0.0765290917424215
65,2018-12-08,0.01945632272564657,-0.016410375111496792,0.015270057721398,0.036437432850623175,-0.040049140049140286,0.0,-0.039346343011264606,-0.09176083235786536,-0.06542902750100232,-0.027715798811796092,-0.04535419163565246,0.006802721088435382,-0.019121146635742936,-0.019011406844106404,-0.027270887506634426
66,2018-12-07,-0.02650570420545506,0.0194552240189223,-0.020513842739861232,-0.017392151824714097,0.003327361146659769,-0.009803921568627416,0.003303055326176807,-0.08291099917330348,-0.014902861956511582,-0.018331121433311167,-0.03224527553852241,0.0135135135135136,-0.011655264671024068,0.0,-0.0001805698942880518
67,2018-12-06,-0.06551113638880479,-0.10306142796612484,-0.07827103024910209,0.017943446584433476,0.04897959183673462,0.00990099009900991,-0.05909465020576132,-0.00650881279254656,0.013007774798084792,0.09224052950288696,0.04731667349446922,-0.0066666666666667105,0.006954524002457553,0.027131782945736482,0.005914732060478212
68,2018-12-05,-0.04811323387950539,-0.0741410968045576,-0.047165728267825724,0.025134196680071552,0.0780642023346303,-0.009803921568627416,0.15657802659202247,0.24275606326592136,0.22085616348014447,0.16897885507993804,0.05613142968902807,0.0067114093959732566,0.14670475112455272,0.07547169811320753,0.07846508423770415
69,2018-12-04,0.017305457036826066,0.014751999609692978,0.005720259633436697,0.0028903107624114193,0.039251071509136086,0.00990099009900991,0.08712751474814717,0.16021930331743886,0.1436079617672481,-0.0376546886374165,0.060185185185185126,-0.08000000000000007,0.05247355500430584,0.028070175438596585,0.0736284575825239
70,2018-12-03,-0.0620748855601041,-0.06658064288208554,-0.04528164278630077,-0.004859304188995828,-0.014108964619057971,-0.009803921568627416,-0.012522610268540513,0.037059185647700284,-0.15483720387443112,-0.020354834273139888,-0.005298398835516639,-0.12318840579710146,-0.03562531141006475,0.02730375426621157,-0.02393163833713952
71,2018-12-02,-0.014871890969225919,-0.019368246715413484,-0.014170590624304813,0.003549722082734519,0.08388375165125472,0.00990099009900991,0.10455121882485564,0.04835694552800485,0.051706203455671666,0.06397117319481516,0.03757902130648549,0.07438016528925617,0.10138739039919753,0.033222591362126234,0.0584269818136609
72,2018-12-01,0.04538102163114166,0.04718937211925689,0.02670604043377112,0.006388467112982354,0.029047328864513444,0.0,0.004337287919377486,0.031275221590490336,-0.02093779306033128,0.031337966220970966,0.03492045582759795,-0.03846153846153855,0.001648753432028638,0.03536977491961424,0.012315809394536359
73,2018-11-30,-0.061256073876656436,-0.037071055409183096,-0.04252228506900957,-0.026724673710379118,-0.059020923805763736,-0.009803921568627416,-0.04940937380922139,-0.03533791862901303,-0.04511082304710712,-0.06627289592084784,-0.02087762333060783,-0.05600000000000005,-0.09290366421712117,-0.09006211180124224,-0.04574206971463368
74,2018-11-29,0.003201509693021798,-0.04009028060693165,-0.0241048159002778,0.025001100982075863,0.11516677155443665,0.0,0.08605024051309451,0.08468426796568408,0.061805604781705714,0.11418392747036933,0.07087184055227702,0.016949152542372836,0.12817021535066295,0.05802047781569964,0.06868394475425488
75,2018-11-28,0.1171564050489955,0.1141275979696248,0.07700783111515985,-0.0016369706161626365,-0.01392024078254317,0.0,0.009227362204724532,0.029203147696531317,0.02710311452158609,0.016930045707024055,0.03192097738497557,0.02500000000000013,-0.021968925400322248,0.022580645161290214,0.030338802788300038
76,2018-11-27,0.008528577648240443,0.014979358333182313,0.009444803713350323,-0.04078479639878474,-0.15661961083555884,0.0,-0.26100207241253204,-0.14096461398769589,-0.16739901718274594,-0.11710168295878255,-0.09647841201068064,-0.11382113821138208,-0.1387723551687834,-0.09779179810725558,-0.12324670046090025
77,2018-11-26,-0.058519862439501476,-0.0712432813444892,-0.045701248647447734,-0.011467591491729046,-0.01967880570006797,0.0,-0.08512042230287031,0.02498167683782726,-0.025293410633484115,-0.035292774797397675,-0.012378721980595529,0.12844036697247696,-0.024659628414368973,-0.038461538461538436,-0.01306089603414795
78,2018-11-25,0.04047687072548345,0.03088181795981582,0.015103472709935506,0.05232534391126165,0.0814490078449468,0.00990099009900991,0.06761630003606213,0.07055962412317474,0.04865354973252334,0.010317328853025387,0.07254968383017157,-0.1382113821138211,0.07656200080281139,0.08000000000000007,0.09459660666047463
79,2018-11-24,-0.11115170427415766,-0.08046616606838998,-0.08438935851725793,0.013257886156420541,-0.03477704288457417,0.0,-0.03968924168214827,-0.014208618578863463,-0.028145246823914505,-0.025436233751024658,0.031057535400326405,-0.07355471698113214,-0.02051992258738721,-0.030303030303030387,-0.04840720804751808
80,2018-11-23,-0.001587379657166932,-0.02037231716816279,-0.0384612700995719,0.03617155310382403,0.14146772767462412,-0.009803921568627416,0.1255715793176222,0.04283788350130125,0.19977313335458646,0.1238433992645822,0.1032317353346608,0.3136028153868713,0.1637529424255686,0.1215277777777779,0.11535483519643865
81,2018-11-22,-0.05487153897423713,-0.08139264311679484,-0.0524800815151909,0.019405670530821432,0.01897753679318348,0.00990099009900991,0.03656250000000005,0.0011775277595904574,-0.04162974443014933,0.009986741371198926,-0.009671895969272093,0.007751937984496138,-0.01844698217162588,0.021671826625387025,0.03336150839301455
82,2018-11-21,0.03609881352687805,0.04376939639072375,0.03164074238003023,0.028119182133963028,0.10205245153933884,-0.009803921568627416,0.09134760325595437,0.10584117567569827,0.0820569760229235,0.015371911325668732,-0.06799065420560757,0.08461538461538454,0.12160115709149255,0.06363636363636371,0.0993766351883678
83,2018-11-20,-0.0818521604795549,-0.11801003439537527,-0.08961135923052478,-0.04007274551611684,-0.08673909294705984,0.00990099009900991,-0.0696132596685084,-0.09426123163262234,-0.09516375077465776,-0.06013971431550425,-0.0449235397342691,-0.0921985815602836,-0.07332262074401974,-0.08831908831908819,-0.069691202915932
84,2018-11-19,-0.1379790950141263,-0.1568206181007602,-0.0683212518763161,0.05807800352779768,0.1393504531722054,-0.009803921568627416,0.13271971496437066,0.2293854871430998,0.1234355860542915,0.15309178851145974,0.09659299700771684,0.3828125,0.16122791290141758,0.575,0.2012033947975118
85,2018-11-18,0.009827161615770352,0.01590523928620602,0.03995784835828831,0.07136793035317379,0.26980444149817706,0.0,0.2647444298820447,0.19735779627582306,0.2661997359739072,0.3400357891901251,0.1218344583273494,0.2372881355932204,0.28791274016833635,0.1507936507936507,0.19126600503315785
86,2018-11-17,-0.002848517432324393,-0.006366708188513036,0.043986273427022216,0.0035550913085762303,0.004959540589924315,0.0,-0.00725388601036281,0.0029815618405346638,0.0277777777777779,-0.01355484399006357,-0.007211743620380574,-0.022831050228310446,-0.016292141386210268,-0.005172413793103514,-0.016109262119526242
87,2018-11-16,-0.012969672602154205,-0.03498831159376825,-0.03027925981669899,0.0621318871425649,0.0028571428571428914,0.0,0.017327766179540568,0.002145758122743757,-0.054054054054054064,0.03787536936491076,-0.0028368794326241176,0.004672897196261515,0.002720545828965859,-0.010398613518197486,0.012098275029402528
88,2018-11-15,-0.011424263145895508,0.0005654339860829972,0.04190981998026344,0.035251818009786266,0.03263403263403264,0.00990099009900991,0.02359942540529469,0.04997061810060077,0.02857142857142869,0.04187879552881446,0.008448640027587384,0.023255813953488413,0.0709459259653542,-0.007005253940455368,0.002489205338671585
89,2018-11-14,-0.10224540539116334,-0.1196188558829454,-0.0834560982375625,-0.019326935631283515,0.04966139954853288,-0.009803921568627416,0.05844025661587815,0.009086610678134656,0.046296296296296065,0.046293429536796486,0.035349433639666694,0.009090909090909037,0.03580900575026068,-0.008818342151675429,0.010592014908253457
90,2018-11-13,-0.002105537392380952,-0.022526322093294304,-0.01892833270060712,0.02543611182303218,0.1040621266427717,0.0,0.17037598257410735,0.19001323889728286,0.1858407079646021,0.20107814630882825,0.10614317562546448,0.28378378378378377,0.17256201916156155,0.12277580071174365,0.10000000000000007
91,2018-11-12,-0.004521839769203506,-0.003496143783660033,0.02475665672123406,0.023613919715919085,0.06968942755113082,0.0,0.03641365916815032,0.02678571428571419,0.04477611940298498,0.04876010926035046,0.010002612622699969,-0.10175438596491226,0.06328057773124772,0.017432646592709933,0.009090909090909037
92,2018-11-11,0.0008509953737638742,-0.002195276976145521,9.661153682594126e-05,0.032382450310125536,0.025998988366211503,-0.00990099009900991,0.009525296689568918,0.008695652173912993,0.021428571428571352,0.014360566660197803,0.010346993828757256,-0.02734374999999989,-0.006542753472897789,0.035825545171339616,0.009009009009008915
93,2018-11-10,-0.0016216576013994286,0.0062712825033974795,0.011813076650042165,0.04950117947709853,0.013113784263458772,0.010000000000000007,0.020108275328692967,0.008620689655172377,0.041958041958042085,0.03834341929052587,0.017300025602574598,0.008032128514056103,0.04132508883355257,0.02105263157894721,0.017857142857142568
94,2018-11-09,-0.006016562595489661,-0.012379203038117459,0.013377243823369023,-0.05346460472249215,-0.00836982968369826,0.0,-0.0027293404094012037,-0.008547008547008517,-0.020134228187919437,0.004712910076511978,0.00039548428848790174,-0.1155378486055776,-0.003066134252657005,-0.04270986745213545,0.0
95,2018-11-08,-0.011331497482157893,-0.02413129760261213,-0.08204823670236427,0.08267680015831003,0.029934242810874426,-0.00990099009900991,0.02660787593127556,0.0,0.04794520547945202,0.032632930207418635,0.017250673854447562,0.11261261261261254,0.0469565181335978,0.021538461538461503,-0.05263157894736825
96,2018-11-07,0.007938313370012162,-0.007497039360013558,-0.028381066046511024,0.04711056532107216,0.03068420049552123,0.0,0.025473933649289068,0.12068965517241392,0.03921568627450989,0.059025311249859776,-0.004380851439674927,0.10526315789473673,0.03960396039603964,0.061746987951807324,0.0277777777777779
97,2018-11-06,0.004467211969408025,0.04937766830200418,0.10737651122273828,0.025083799035049648,0.035872781065088954,-0.0006920000000000259,0.0027440785673023,-0.07692307692307697,-0.02515723270440251,-0.046106457904909866,-0.020545757780064733,0.0073260073260073,-0.01904761904761909,-0.02269503546099294,0.02702702702702675
98,2018-11-05,-0.0021474557274264727,-0.009462697374483351,0.06346841282620573,-0.017714608033034263,-0.048286326312031565,0.00021915165294394967,-0.0284459167506842,-0.008333333333333305,0.0,-0.004829800423764019,-0.05923483805521335,0.05090909090909102,-0.01941747572815533,-0.10449927431059504,-0.01754385964912264
99,2018-11-04,0.012338379245936835,0.05941294488472959,0.02896137611024452,0.03149597768086854,-0.0006564756635091262,-0.01487903778487232,0.037209991846416164,-0.01680672268907568,0.012903225806451646,0.0275946707327277,0.014325875149227675,0.07958477508650508,0.029702970297029733,-0.09400324149108596,0.008928571428571175
100,2018-11-03,-0.00279681561023748,-0.006050218009767572,-0.006592440263831656,0.005955600838195796,-0.029748498498498588,0.015584138606923316,0.0009290359465448096,0.01709401709401703,0.012738853503184709,0.05730830128930098,-0.02202057785033606,-0.003205128205128305,0.03846153846153855,0.05903398926654746,-0.008849557522123686
101,2018-11-02,0.002534933040678311,0.011356539906037131,0.003057584082903464,0.0216374391128884,0.007157365315794585,0.0,-0.013494216764244005,0.0,0.03144654088050314,-0.00023104767283643746,0.05093365425676466,-0.08038585209003213,-0.0092592592592593,0.0033783783783785104,-0.017857142857142905
102,2018-11-01,0.006589299619441214,0.003422014650337868,0.009385749974060387,-0.002222931970616293,0.005473926822241459,0.010000000000000007,-0.004849098936093199,-0.008403361344537784,-0.04878048780487798,0.014978772938920804,0.012300986295297632,-0.01748251748251739,0.01869158878504673,-0.010101010101010166,-0.00909090909090915
103,2018-10-31,0.0045701865728122746,0.00618915309576029,0.01617372835505204,0.006010166323094257,-0.010028653295128807,-0.011242574257425586,-0.0037090909090908846,-0.03389830508474578,-0.03205128205128205,-0.043235904268775986,-0.006787330316742168,0.042704626334519664,0.027522935779816567,0.005102040816326482,-0.009174311926605559
104,2018-10-30,-0.0005749951860896108,0.0051522500212524145,0.008827513107162677,-0.00111492368627375,-0.016787264833574622,0.01137040690135116,-0.007080808818161866,0.0,0.0,-0.0475518928209423,-0.007935924755676393,-0.020477815699658675,-0.0357142857142857,0.01522842639593902,0.0
105,2018-10-29,-0.020635252318673025,-0.03923195136396829,-0.04251305758616975,-0.00911792137895173,0.02992836816799138,0.0,0.013674459638288285,0.035087719298245716,0.0,-0.03161206736997957,-0.02314643359751134,0.010452961672473782,-0.05555555555555558,-0.011666666666666714,-0.02777777777777779
106,2018-10-28,0.00014841943440968564,0.007639149056880566,0.011821785842979438,0.04615056219074365,0.04468368902439024,0.0,0.06752248331882793,0.0847457627118644,0.0993377483443707,0.09360307327701543,0.0167191113470071,0.10689655172413803,0.0490196078431373,0.04721753794266448,0.06666666666666665
107,2018-10-27,-0.000391519386444994,-0.00035927463617480004,-0.00865193369707462,0.026102497412612724,-0.007022343821249444,0.0,-0.013248182621101943,-0.0234375,-0.01807228915662651,-0.008397486870734827,-0.01685435155492565,0.009345794392523477,-0.06542056074766356,0.011272141706924366,0.0
108,2018-10-26,-0.001838065555223034,0.0039011122043028923,0.0043583698714058094,-0.06608305242705415,0.019379132990448245,0.0,0.005645827595703645,0.024000000000000018,0.018404907975460242,0.059694390102046135,-0.02268072517636366,-0.021604938271605038,0.06000000000000005,-0.014331210191082744,-0.017857142857142905
109,2018-10-25,-0.005480315698059513,-0.005436177046415858,0.002699698946273532,-0.04128871057114125,0.018830525272547142,0.0,-0.007941941667807706,-0.015625,0.01807228915662651,-0.011883378239031406,-0.05343837317603228,-0.2145110410094636,0.0,0.04846526655896599,0.0
110,2018-10-24,0.0017599225330953148,-0.002751042080130772,-0.012197555594371969,0.05267298332178272,0.007163070392642412,0.0,0.012284334023464405,0.023809523809523725,0.01183431952662728,0.015821852671620732,0.026362182772334156,-0.18473895582329336,-0.03773584905660377,0.09861325115562393,-0.018181818181818188
111,2018-10-23,0.0024249680710617394,0.0008226020744248608,0.02243388246962397,0.06805946020142062,0.031697251734129406,0.0,-0.009612762476138405,0.007751937984496138,-0.11111111111111104,-0.05863151702940261,0.011064951665734624,-0.4137931034482758,-0.04056666666666675,0.2230014025245444,0.0
112,2018-10-22,-0.00515786216446279,-0.011240630215885505,-0.00797141903337273,0.039987529183851615,-0.05804255319148921,0.0,-0.026984236249742,-0.007692307692307666,0.0,-0.008035132804111722,0.032317964521354485,0.8823529411764708,0.007741497738656955,0.01261467889908241,0.0092592592592593
113,2018-10-21,0.0017810408846108405,-0.0014053064371049027,-0.004192612742635382,0.03213168475661532,0.0257499096494398,0.00990099009900991,0.021294658648744358,0.06976744186046502,-0.06578947368421062,-0.0144969967971752,0.02028397565922901,-0.1919642857142858,0.00026363874191592807,0.007927519818799578,0.018348623853211118
114,2018-10-20,0.007072362720362824,0.008181326380997556,0.011894344977883442,0.00544316932136657,0.012419624768783557,-0.009803921568627416,-0.009836519811582291,0.028985507246376937,0.007042253521126751,0.01222553317908881,-0.021343636295434898,-0.07734806629834258,0.02386518229868884,0.032584269662921266,0.0
115,2018-10-19,-0.008428949763777172,0.003891522371138212,-0.009139111772569986,-0.0037642316402743963,-0.0034800765616842533,0.0,-0.006576185812228853,-0.0422535211267604,-0.034965034965035,-0.03298736181150341,0.020774243004982876,-0.19161676646706585,-0.016671287128712797,0.017410228509249226,-0.027027027027027084
116,2018-10-18,-0.0065152809590736105,-0.014512310908942228,-0.026574175942086768,-0.036049157539643883,-0.005063733193644171,0.0,-0.01605633802816908,-0.08823529411764708,-0.007246376811594012,-0.02132845265249061,-0.018924601982577397,-0.0814814814814816,1.711704636297995e-05,0.034224598930481236,0.0
117,2018-10-17,-0.011221045011175046,-0.013997973309738957,-0.0012667354305329062,0.04085780025075425,0.030537030537030493,0.00990099009900991,0.033280847409103975,0.016129032258064502,0.05109489051094873,0.05663994586924038,-0.005473055725658149,0.024193548387096756,0.05721123785339799,0.0351602895553258,0.05555555555555537
118,2018-10-16,0.00022799814861862447,-0.006012274796675654,0.04286317793535655,0.0978867320127339,0.008770435967302427,0.009803921568627416,-0.008589042044746198,-0.05555555555555558,-0.01388888888888895,0.003486427834501482,0.008697325380026877,0.023622047244094446,-0.05416476190476184,-0.06893106893106893,0.0
119,2018-10-15,0.052708622130693834,0.08221548846120408,0.1302158098802928,0.03197635281091693,-0.005402211530345258,0.0,0.018235170823726717,-0.008403361344537784,0.028169014084507005,-0.022219661786081483,-0.010262866735340048,-0.015384615384615441,-0.004725478211749401,-0.04291845493562242,0.0
120,2018-10-14,0.00592427036441312,-0.025365152927281483,-0.04318480514943357,0.001343557350427238,-0.03589917678010701,0.0,-0.043090435021270745,-0.03389830508474578,-0.08219178082191769,-0.056961050026740234,-0.21567342533343625,-0.07031250000000011,-0.0399369103045828,-0.09192825112107628,-0.10526315789473673
121,2018-10-13,-7.221983131733277e-05,0.013890218581553706,-0.0040732604827891095,0.0025687795088789045,0.010651408450704336,-0.009708737864077666,0.00989531048329284,-0.02631578947368407,0.0149253731343284,0.008179782192873963,0.03725364918661245,-0.08403361344537807,0.013279815039427543,0.0234567901234568,0.009803921568627416
122,2018-10-12,0.0027526135096627162,0.027215487309881548,0.09757966033885457,0.0131911484891567,0.007055134570159494,-0.009803921568627416,0.0028401022436808088,0.009009009009008915,-0.0220588235294118,-0.06853024178171019,-0.005922767116796957,-0.05504587155963303,-0.025308846760632053,-0.022919179734619988,0.0
123,2018-10-11,-0.05301749267348388,-0.15119589448642526,-0.17468039890214093,-0.052525585117176636,-0.028801245459263106,0.00990099009900991,0.00035400736335300387,-0.0357142857142857,-0.022556390977443663,-0.025957011258956,-0.013679694947569264,0.058252427184466,-0.016643815519218896,-0.020987654320987592,-0.01941747572815533
124,2018-10-10,-0.006000100659759977,-0.01041671944363265,-0.03873518168379897,0.13126747700712826,0.18274111675126886,-0.009803921568627416,0.17510085639464945,0.2222222222222221,0.1615384615384614,0.2411100836450757,0.154834968346784,0.11926605504587152,0.2152434935646348,0.12862547288776782,0.1287128712871286
125,2018-10-09,-0.0058699215832239676,-0.004364235090905888,-0.01804703384530515,0.0015038265420026509,0.023642797982079692,0.0,-0.035415286394025025,-0.18181818181818174,-0.006622516556291425,-0.015104691429103534,0.02883207097125151,0.09836065573770504,-0.0357142857142857,0.03128491620111752,-0.01754385964912264
126,2018-10-08,0.009830332436578715,0.013638071689736408,0.016620748455193013,1.9616689879820015e-05,0.005222508275101179,-0.00990099009900991,0.005369965657196385,-0.0092592592592593,0.020000000000000014,-0.04702342574683005,0.048035467339136106,0.0,0.0092592592592593,-0.13434452871072589,0.02678571428571419
127,2018-10-07,0.0003408421264186057,0.00652410489304267,-0.010938737068936107,-0.010831767001095005,-0.043172837699399946,0.0,-0.03223402273150744,-0.009345794392523366,-0.019607843137254943,-0.01300798340174092,0.021151084720766992,-0.15671641791044788,-0.03669724770642202,-0.006257822277847325,0.0260869565217392
128,2018-10-06,-0.005674446080172646,-0.010458151825086914,-0.06326150895249483,-0.0025419878705712487,-0.006118078923218029,0.0,-0.009113079193941552,0.0,-0.0066666666666667105,-0.0015080474897865015,-0.01322590453025252,-0.0265486725663715,-0.00952380952380949,-0.02141057934508828,0.008474576271186418
129,2018-10-05,0.010517357397897165,0.02046756079114731,-0.017457580099033417,0.021678228147355542,0.008771929824561429,0.0,0.00958549222797922,0.0,0.04026845637583887,0.07858267428236676,0.02753812971807124,-0.1946863636363636,0.04807692307692313,0.0205920205920207,0.016806722689075567
130,2018-10-04,0.010383726333204502,0.008325886108175641,0.0004585921547815008,0.006020153272429996,-0.021662852784134382,0.0,0.002758532204259589,0.0,-0.01935483870967747,-0.08037646499707217,-0.017766782862925882,-0.03283983089592424,-0.05504587155963303,0.016393442622950838,-0.008264462809917328
131,2018-10-03,-0.007868522865990824,-0.023533034334115688,0.01851818291370844,0.007002291307276032,-0.004833931077498743,0.010000000000000007,-0.05002878894504492,0.0,-0.02631578947368418,-0.05379191967663932,-0.14268269414233936,-0.015055663586047154,-0.06410776699029119,-0.022332506203474045,0.0
132,2018-10-02,-0.00606336148997555,-0.0244558258099542,-0.10762584221102076,0.019947507478350838,0.018019429645879104,0.0,0.016432082968550032,-0.009433962264150941,0.04054054054054057,0.06378434260189403,-0.08096679426689224,0.2916911080695146,0.04775153557842615,-0.05203045685279195,0.03333333333333344
133,2018-10-01,-0.007302455361643645,-0.0075376500191011156,-0.0002882346193526787,0.021394476061334492,-0.014622133292288788,-0.00990099009900991,0.08195852381898905,0.02857142857142869,0.025974025974025983,-0.0945146828270974,0.024846224633118696,0.018348623853211118,0.00990099009900991,-0.04283801874163306,0.040322580645161255
134,2018-09-30,0.003950105671069125,0.0037912503853831936,0.0187025100135616,-0.011242565859611251,0.006794751640112562,0.0,-0.07017758726270673,-0.0092592592592593,0.0063291139240506675,0.061348264549836,-0.0004253308128543409,0.03603603603603589,-0.04457843137254913,-0.002797202797202858,0.023255813953488413
135,2018-09-29,-0.004657694292984127,0.04459160444941168,0.05706174629663829,-0.0054741339119968035,0.012489333643627363,0.0,-0.027528977871443597,0.01869158878504673,0.018867924528301886,-0.0070308997071254495,0.03649945629048257,0.0608695652173914,-0.045912388536012094,-0.012622720897615736,-0.015151515151515138
136,2018-09-28,-0.0074082710263904126,-0.03025494695215736,-0.008825368398900468,0.008016896337763145,-0.00038308305240586366,0.0,-0.032981172964919425,-0.08316422018348635,-0.030864197530864224,-0.0593355494494936,0.05948091045933501,0.049180327868852514,-0.0042601154888162185,0.005681818181818121,-0.030769230769230767
137,2018-09-27,0.03245426388241146,0.061781438919677134,0.0546281841623284,-0.004073805380669926,0.002376025139878779,-0.0005799999999999139,0.03634708312907065,0.010655915689282258,0.019108280254777062,0.01873148810131764,0.046024023765445454,0.015625,0.01914290590240486,0.021186440677966045,0.04761904761904767
138,2018-09-26,0.005438108366460082,-0.013246729285273928,-0.026480229940101352,-0.02404530249775016,-0.04006728857623476,0.0005803365952250504,-0.0615623732936883,-0.0406970297029704,-0.03125,-0.05414862046839908,0.017616068488639947,-0.06923076923076933,-0.046205337507643884,-0.05947441217150772,-0.1060606060606062
139,2018-09-25,-0.02447763092233568,-0.04586175935134396,0.07175119684393061,-0.00824679131964312,0.019834315755934195,-0.0006420000000000313,0.001656225246633447,-0.005924268445736125,0.006451612903225712,-0.004038455423295728,0.008615110823491312,0.11570247933884305,0.008448228349956288,0.0044117647058823355,-0.02542372881355936
140,2018-09-24,-0.015181736512849153,-0.06322688246801911,-0.13752985777602333,0.006568086886807435,0.024994141997969118,0.000642412428779382,0.040330697340043235,0.013312485204889144,0.01923076923076916,0.03899448713309628,0.11821790913101027,0.022222222222222143,0.046982276556241986,0.03367496339677878,0.01739130434782621
141,2018-09-23,-0.002838430644581669,0.015200370312939747,-0.00359330612126485,0.019389200955778785,0.06263811628438609,-0.0005079999999999528,0.05625043189827928,0.045105524919619056,-0.006289308176100628,0.09786327412779383,-0.20046620046620056,0.09420289855072483,0.07346499767415904,0.04249291784702569,0.008547008547008517
142,2018-09-22,-0.004840082404561574,-0.030137363175677837,0.011505801376795466,-0.00967861062954567,-0.020007171029042703,-0.001752890468358026,-0.02780503761858033,-0.009803921568627416,-0.04430379746835445,-0.028018286993842238,0.08643193541152727,0.013245033112582849,-0.019607843137254943,-0.04211956521739135,-0.02542372881355936
143,2018-09-21,0.037145997926882,0.1049241728482937,0.26360695977809256,-0.019492884605092572,0.0529050197570613,-0.002760238138192261,0.07496635262449547,0.03960396039603964,0.04635761589403975,0.02455436420707069,0.16699694492610018,0.052287581699346435,0.09000000000000008,0.0581560283687943,0.034782608695652195
144,2018-09-20,0.017516076127140456,0.07006579551466174,0.3759768480538095,0.004588464396263037,-0.05274862742372632,0.005039266884157234,-0.08639038437460889,-0.06229333333333331,-0.12658227848101278,-0.0882278540310113,0.10821806346623264,-0.11180124223602493,-0.10320917431192657,-0.06300268096514737,-0.0672268907563024
145,2018-09-19,0.007341140168312776,-0.0010026219838014103,0.016304439443789454,-0.012414293526269328,-0.04585473220836389,0.0,-0.07448266410853778,-0.0481519248582154,-0.043478260869565084,-0.017293820259355996,-0.3629253655110771,-0.027972027972028024,-0.05894514793831629,0.025751072961373245,-0.018018018018018056
146,2018-09-18,0.012844329666563016,0.06510591725192237,0.18632162803861865,0.07363315461897635,-0.0037677816224529477,0.0,-0.012956244910046657,0.009603257424918521,0.0,-0.06344957390076855,0.13007967129328055,-0.10071942446043157,-0.029762480663301893,0.03765690376569042,-0.04587155963302758
147,2018-09-17,-0.03508138539714545,-0.1045116418284714,-0.03479432314584974,0.02936893244004968,-0.017829577029947585,0.020000000000000014,-0.03892889288928891,-0.03807089967891997,-0.03787878787878796,-0.0630477742918707,0.2038309759233805,-0.2124416,-0.0273040487168138,0.004032258064516014,0.0
148,2018-09-16,-0.0035513918253117227,-0.013891523717779129,-0.006152991834568189,0.033841529019183365,0.11355599214145372,-0.019607843137254943,0.07188012175134627,0.08596949986815483,0.10236220472440928,0.2266563393708292,0.1522283609576427,-0.18610429397997666,0.1189640793608373,0.0990629183400269,0.08653846153846145
149,2018-09-15,0.00497563210813734,0.05428689588095148,0.01887436104004236,-0.041223982603292735,0.007410021171489145,0.0,-0.015072083879423269,0.021847297568003517,0.014285714285714237,-0.02002117717916096,-0.22210146085733465,-0.2719791123236791,-0.0564795818050613,-0.01705237515225344,0.017699115044247815
150,2018-09-14,-0.0009670446352332274,0.0002615012628044422,-0.006915950006128213,0.00024948968019944395,-0.02080560420315225,0.0,-0.017076957196717646,-0.03122079207920792,0.007042253521126751,-0.02746827914353689,-0.14300390384220252,0.12156490970619792,-0.015108865002160243,0.02354399008674091,-0.06956521739130417
151,2018-09-13,0.025183932815902917,0.15790593051209378,0.03371592148340041,0.055745415555850775,0.0058663614250964455,0.0,0.015117328519855587,-0.06468485907036214,-0.027972027972028024,0.03193386947170995,-0.08511148405658131,0.2682669218270668,0.0053794173036445505,-0.01452784503631954,0.04672897196261694
152,2018-09-12,0.007797988005644463,-0.006966993845570424,0.02515245791960652,-0.009666601210127856,-0.016002844950213313,0.0,-0.04415796102837677,-0.05973283798180672,-0.043165467625899116,-0.1729519369431659,-0.2651991614255765,-0.1621863313314944,-0.05804490301424914,-0.07739557739557745,-0.0535714285714286
153,2018-09-11,-0.0043822687644671215,-0.06289573961346318,-0.01866941962691615,-0.009082445304718023,-0.051608239971087766,0.0,-0.04836834353926045,0.01649953690199646,0.0,0.09352457841685392,-0.2310984308131241,0.013586702437551113,-0.0559285136926132,-0.034620505992010615,0.009433962264151052
154,2018-09-10,0.009173899725604121,0.0021414866686466642,-0.026678951485618163,0.056129116979433125,0.07644234433351116,0.0,0.036898265048464614,0.032201640092053514,0.05263157894736836,0.03147559603770067,0.18515769944341387,0.1655383829352408,0.11152013778320223,0.03586206896551713,0.04672897196261694
155,2018-09-09,0.009128241222121636,-0.0038500236684103632,-0.004266179453211283,-0.1409117014914768,0.025913338997451074,0.010000000000000007,0.017124901806755632,0.028775886779329074,-0.014285714285714348,-0.04044682090105356,0.062069505322479575,-0.11733820395738215,0.0035705168721691383,-0.007989347536617841,0.05357142857142838
156,2018-09-08,-0.037637875658752096,-0.08764830603717501,-0.037950613503474284,-0.023439976842598576,0.010628019323671413,-0.00990099009900991,0.0020080321285140808,-0.017838090982984278,0.007246376811594234,-0.01672827586206882,0.12277986587073485,0.28056135723410325,-0.015767456946345067,0.02281879194630876,0.0
157,2018-09-07,-0.008818884980251407,-0.05716390818116224,-0.0395447621940308,-0.06112334413132614,0.07040426113083864,0.010000000000000007,0.0697548944041928,0.06060270573043969,0.07913669064748219,0.0995297893590994,0.08263866097801098,-0.24061120740826125,0.12161019866219293,0.04068241469816258,0.04237288135593231
158,2018-09-06,-0.030001345175167605,0.003955612940724772,0.07643259478924057,-0.06417428856536668,0.029792663476873926,-0.00990099009900991,0.053245911088695363,0.02866553738064215,0.07333333333333347,0.037263467308987774,0.019037225657815068,-0.0111432507082454,0.07663963663915374,0.025220680958385918,0.04065040650406515
159,2018-09-05,-0.08958291653098628,-0.20166443041048865,-0.15895446867720664,0.005701032169966647,0.003097509602279613,0.010000000000000007,-0.00861951019291307,-0.003152789736654782,-0.024844720496894457,0.013755916126302559,0.08037839124226576,-0.24641205297709226,-0.03738317757009346,-0.008610086100861003,0.015625
160,2018-09-04,0.015051499633902845,-0.011792521574083505,-0.013491915653570665,0.04643593793366452,0.20250741106719405,-0.00990099009900991,0.25082804305823925,0.189311116732902,0.2547770700636942,0.20648956098886706,0.20463681920810609,0.16457862564321246,0.30097087378640786,0.23945409429280384,0.1615384615384614
161,2018-09-03,-0.0030174248069148035,-0.021462566690373164,-0.019962630900208226,-0.007031436340218633,-0.03687535308920975,0.0,-0.003806476526728053,0.0,-0.08629441624365475,-0.04148800090103855,-0.00873142857142839,-0.19627786087340315,0.0,-0.00800800800800805,-0.019867549668874163
162,2018-09-02,0.01168848808819467,-0.002134310137067885,-0.0147108608202986,-0.05977824324064629,-0.050018663680477686,-0.0021020000000000483,0.03355853361391059,-0.008474576271186418,-0.05000000000000005,0.020949439333915357,0.053449548053864586,-0.10954638550418673,0.02985074626865658,0.017154389505549927,-0.0067567567567568
163,2018-09-01,0.02076684230497117,0.04765945268869665,0.03505029700021911,0.2447157263091633,0.020263822621386263,0.0014089616373618163,-0.055025717959708564,0.02564102564102577,0.0,0.05936369615258141,-0.0390053845817101,-0.0934236612975432,0.03623188405797095,0.02083333333333326,-0.013605442176870763
164,2018-08-31,0.008704224570592611,-0.005815668806139929,0.002067992173006239,-0.2929327095959554,-0.056833186619718035,0.0006964847533883488,-0.17446277711628966,-0.04166666666666674,-0.08187134502923976,-0.06482954501361947,0.031341107871720064,-0.0035146506764757173,-0.0699300699300699,-0.024295432458697808,-0.027586206896551783
165,2018-08-30,-0.007680387204724749,-0.015861813686927632,-0.029424307568177044,-0.2876925149088747,0.011549903750801782,0.0,-0.025824175824175843,-0.043478260869565084,-0.025477707006369418,-0.009775365746388156,-0.0854681978798586,-0.0034587815885618323,-0.09774436090225568,-0.02290836653386441,0.0
166,2018-08-29,-0.00627751875667215,-0.024422805814335646,-0.016713432540194084,-0.15406985273741491,-0.024047056109797404,0.0,0.0388465877044557,0.03636363636363616,0.045751633986928164,0.07801121269766798,-0.050712388312001866,-0.19046700850190398,0.01666666666666661,0.016309887869520926,0.035460992907801366
167,2018-08-28,0.02637424518540388,0.03489488006317831,0.03840055703102085,-0.019219726137208903,0.06233750886315281,0.0,0.06549032914828623,0.07017543859649122,0.0625,0.03378472924019338,0.04360213686084946,0.13670140249157714,0.10655737704918034,0.0962888665997994,0.08219178082191791
168,2018-08-27,0.02571685540354829,0.040910094614631916,0.04423422136927169,-0.02046085049865221,-0.008676789587852451,0.0,-0.07796178343949045,-0.0901639344262294,-0.00588235294117645,-0.021709378571858284,-0.06020865834633371,-0.2447193632080024,-0.007407407407407419,-0.03110704483074112,-0.11392405063291144
169,2018-08-26,-0.002786208583058003,-0.01024696503345257,-0.012101084438247645,-0.02416168229172944,-0.1453178477248498,0.0,-0.054849405913235734,-0.07207207207207211,-0.08875739644970404,-0.11742776543655875,-0.08310421746122333,-0.0972347454688156,-0.0223880597014926,0.024551463644947983,-0.03571428571428559
170,2018-08-25,0.008203157603548616,-0.02093455691435453,0.002120091961388626,0.007366724767323474,0.011816451125845171,0.0,0.010378599619938809,0.009708737864077666,-0.006493506493506551,-0.04756140045288282,-0.010636492220650662,0.012470733808062295,-0.16030534351145032,0.012903225806451646,0.022222222222222143
171,2018-08-24,0.024904455224562968,0.020214455441178503,0.003178219323580977,-0.0009345107897229533,-0.0569648997599429,0.0,-0.01034432870370372,0.0,0.0,-0.025155679916604945,0.03168067707439804,-0.12102259338693112,-0.11632727272727285,-0.03821656050955413,0.0
172,2018-08-23,0.02525271981774724,0.018471365223280856,0.02359576072230385,-0.023613363341897342,0.009563123495012205,0.0,-0.06300709012499084,-0.047710576923077015,-0.09150326797385633,-0.009708464655560524,0.0469486170389668,-0.011050476869879809,-0.08269824287066374,-0.08041627246925254,0.007246376811594234
173,2018-08-22,-0.01607136249781327,-0.03240133222154784,-0.045149102566096284,0.04136162451158398,-0.06044704920267141,0.0,-0.02067243934784302,-0.023786805279988218,-0.050359712230215736,-0.04546617032764056,-0.0394959762812368,-0.003376996907865304,-0.09869635531271104,-0.10288065843621397,-0.03597122302158262
174,2018-08-21,0.02588307816558455,0.028274547776282462,0.04998600057082103,-0.004149844330621821,0.11619641691448444,0.0,0.0486697466942807,0.044658639688960784,0.09090909090909084,0.03707342244450396,-0.007606658582295145,0.07459177369833214,0.07357546994902009,0.0688073394495412,0.04477611940298498
175,2018-08-20,-0.02741715731730044,-0.08805453922112894,-0.07235859375781317,0.009040227195714179,-0.1515368120085775,0.010000000000000007,-0.004101785036080496,-0.01437425742574261,-0.03472222222222221,-0.030820312126228263,0.00027771606309712205,0.10733867023604217,-0.06091587658499265,-0.007510729613733891,0.014285714285714237
176,2018-08-19,0.010902164698810113,0.020157985293106195,0.05516681556441293,-0.00955091891113924,0.1008654361645096,-0.00990099009900991,0.09152619937457084,0.11503774051163165,0.07913669064748219,0.1502843377300369,0.1635293464378922,0.1074060298937678,0.1502179029723918,0.06918918918918915,0.07746478873239449
177,2018-08-18,-0.024397504725272585,-0.06618873263407576,-0.1066687817494998,-0.002619639628003157,-0.11423403367190775,0.0,-0.03570679896583051,-0.03603603603603611,-0.046666666666666745,-0.008711698566646553,0.02161878400305417,-0.06876646480336701,-0.10385617850210273,-0.041456016177957584,-0.019607843137254943
178,2018-08-17,0.04054222596301549,0.10022644558825113,0.24704648499790194,0.0019789959327385365,0.18056864593151145,0.0,0.1132608695652173,0.09345794392523343,0.09090909090909104,0.1414953028269621,0.07974027187368615,0.12651917304390636,0.16289966065813655,0.12447257383966236,0.046666666666666634
179,2018-08-16,0.00549740500749185,0.017096570879320483,0.03757066775297857,-0.058400381284735674,-0.25347614929146434,0.0,-0.22905682483889864,-0.2168786324786324,-0.14743589743589747,-0.23553327214666586,-0.094617980444752,-0.2045801679461612,-0.1985634133759477,-0.3208255159474671,-0.19745222929936312
180,2018-08-15,0.013841274598912046,0.020372383505300903,0.035879114712189734,0.03694584450402138,-0.29676499420728986,0.0,-0.03630530226274909,-0.00540790088316334,-0.030075187969924814,-0.03542193778836145,0.0106560902183781,0.02340333650576687,-0.123897022925478,-0.06215469613259673,0.06349206349206349
181,2018-08-14,-0.011565000600398001,-0.0295903655983909,-0.01776410767351755,-0.07508955977132259,-0.01964263084526685,0.0,-0.00017522340984754692,-0.0030187743403082834,-0.023255813953488413,-0.02104613485573204,-0.16704491725768333,-0.03423257338331387,0.010838626041738577,-0.07511045655375548,0.0149253731343284
182,2018-08-13,-0.008730905905264708,-0.10417364882077608,-0.07625637829434506,0.09806517402699623,-0.07342295760082718,0.0,0.0317209954433928,0.14468612486324314,0.11904761904761907,0.1675755760804465,0.6459669637282175,-0.014303954797466491,0.0190598052528348,0.0493630573248407,0.02941176470588225
183,2018-08-12,0.008729794465922147,-0.007113471095470558,-0.005378957763419011,0.012036071556583929,0.2667410714285712,-0.0008860000000000533,0.13139120095124854,0.08653846153846145,0.13475177304964547,0.030094404996535037,0.005448839535124206,0.0654223706464343,0.2655578681229196,0.08497723823975734,0.1785714285714286
184,2018-08-11,0.01787891151305465,-0.03891045899774481,-0.06349091365303061,0.05070291024562623,0.012334801762114544,0.010895653549044535,0.0009759027100066929,0.017699115044247815,-0.012499999999999956,0.01382130157870387,0.12841708111816152,0.09185318032548496,0.048852562653195264,-0.012587412587412694,0.06060606060606055
185,2018-08-10,-0.058492564596423935,-0.08464443632102292,-0.07444644056887273,-0.006255147185566856,0.060378590078328916,-0.00990099009900991,0.049272536373181415,0.0608695652173914,0.03164556962025311,0.061416888567169085,0.3813793732332291,-0.06700479821241623,0.06477300758250104,0.14730878186968832,0.06285714285714293
186,2018-08-09,0.044147907960486066,0.026971067873576608,0.050193683913158926,0.01829766566961677,0.1986252180157997,0.0,0.12157815738689147,0.06557377049180335,0.08588957055214741,0.11951773970934497,-0.05527439158561809,,0.13818927181067786,0.14197530864197527,0.10752688172043
187,2018-08-08,-0.06822313759612675,-0.06500782386791026,-0.13215070927627282,-0.03536995749094374,-0.07763416930582902,0.0,-0.04174101452969648,-0.015384615384615441,-0.07344632768361592,-0.06573307902618741,-0.0651930870638654,,-0.10619469026548667,-0.04540540540540538,-0.029126213592232997
188,2018-08-07,-0.03090586098982373,-0.06271671411151047,-0.08236389157611512,0.1014578060313538,0.1970118782479584,0.010000000000000007,0.15501762319611645,0.265625,0.15243902439024382,0.20286120145621636,0.07282920144512263,,0.15841584158415833,0.13590033975084936,0.06000000000000005
189,2018-08-06,-0.014068796307599385,-0.010749639837707605,-0.045511440073827465,0.01422922084862299,0.0407008295216682,-0.00990099009900991,0.04122524182404419,0.03086419753086412,0.042328042328042326,0.08196255832112588,-0.04421942496167952,,-0.008547008547008517,-0.003988035892322994,0.05660377358490565
190,2018-08-05,0.004416795091813697,0.004717225731339925,0.007483665413466013,0.03725885543269025,0.048942193087008416,0.0,0.04799823047998242,0.011976047904191713,0.04060913705583746,0.04014028223449584,-0.039534431646984565,,-0.008620689655172377,0.09809809809809812,0.008928571428571175
191,2018-08-04,-0.0550833750022256,-0.025690258766320032,-0.023286280729435616,-0.008886149594806379,-0.053121227185569116,-0.0014459999999999473,-0.024271844660194275,-0.01183431952662728,-0.029268292682926744,-0.04460066975549337,-0.024995572646545502,,-0.008695652173913104,-0.010027347310847869,0.004424778761062065
192,2018-08-03,-0.017431041231484982,0.014941130966664497,0.020978770725972984,0.017675378501846858,0.14805370134253334,0.000757094759021415,0.06089119619294836,0.047904191616766616,0.05025125628140703,0.044594091732987666,0.05350424245569418,,0.10526315789473696,0.11510128913443828,0.07488986784140961
193,2018-08-02,-0.007477327753968033,-0.020749940199740302,-0.03272558192089392,0.029673650282030506,,0.0006904764287358756,0.07054745641757565,-0.011428571428571456,0.052631578947368585,0.1450667647261612,0.02137878377379865,,-0.031746031746031744,0.02394715111478129,-0.024590163934426257
194,2018-08-01,-0.01837439923784156,-0.03147510556665245,0.025747575250911092,-0.00994202388172605,,0.0,0.08513474907151708,0.05202312138728327,0.1045454545454545,0.11307026875138004,0.0035448166099978358,,0.139344262295082,0.031451612903225616,0.07983193277310917
195,2018-07-31,-0.05231206495078433,-0.05132718198908681,-0.025770278314408486,0.039683297708716925,,0.0,0.04835454146555507,0.0274725274725276,0.03703703703703698,0.07633009656217027,0.012519223375624831,,0.07913669064748219,0.164972634870993,-0.02334630350194556
196,2018-07-30,-0.003754182744705847,-0.01845654094284244,-0.01356393812334733,0.03144343286513473,,-0.0023889999999999745,0.020174116859199787,0.07486631016042766,0.12698412698412698,0.07307817957932294,-0.02480005695706855,,0.15999999999999992,0.07919463087248313,0.055776892430278835
197,2018-07-29,0.002642326136968132,-0.0023654061670551627,-0.006879901691547618,0.00628677780371234,,-0.0008189564870475508,-0.03212439484696805,0.0149253731343284,0.038732394366197236,0.06267612780340825,0.06974593594860301,,0.08045977011494254,0.008084577114428004,0.05660377358490565
198,2018-07-28,0.0034568241611050428,-0.004579710686275718,0.004502331823347916,0.031658685613656035,,0.0006460713046023693,-0.003857403247001012,-0.019607843137254943,0.0,0.0068646607704288,-0.11754401929114155,,0.03191489361702127,0.004935225169648172,0.003571428571428559
199,2018-07-27,0.025465226029360192,0.009945412940536523,0.004617651349748232,0.01830639244550669,,0.00043912503834819816,0.006680851063829874,-0.020000000000000014,-0.030508474576271264,-0.04068098331831626,-0.026861900956407392,,0.005154639175257714,0.031921424186617475,-0.003558718861210064
200,2018-07-26,-0.027028445637241938,-0.017528906623665352,-0.017463040459688828,0.0076203037662836435,,0.0003998492798704678,-0.025108847275647883,-0.0357142857142857,-0.04545454545454541,-0.005179081378502759,0.02015947442316368,,-0.030769230769230767,-0.030933967876264123,-0.02142857142857124
201,2018-07-25,-0.02705513711600316,-0.013116471395591578,0.006901515729023977,-0.0096818371848284,,-0.0033998647667227155,0.056410701123010824,0.02645502645502651,0.06593406593406592,0.06368039018572813,-0.12599324850688146,,0.11111111111111116,0.11049723756906073,0.018248175182481674
202,2018-07-24,0.08882116974301835,0.061110025664108385,0.02568856189924196,0.04820118959930353,,-0.0020625582356078587,-0.02121983253981285,0.010309278350515427,-0.06529209621993126,-0.002465151879947891,0.028373640739200123,,-0.05238095238095242,-0.05030403537866224,-0.010752688172043112
203,2018-07-23,0.0398791816807984,-0.02231048835957328,-0.0101738429239967,-0.04585413003807992,,0.002516042541061969,-0.056023818509665764,-0.025510204081632626,0.003676470588235281,-0.0571556199183697,0.2410943865021813,,0.005025125628140614,-0.028521536670547017,-0.01811594202898548
204,2018-07-22,0.00020081486602729906,-0.00455366339322716,-0.01136511790554351,0.010593146330387436,,-0.00027729580328883513,0.011727599840078096,-0.05235602094240832,0.0073260073260073,0.021400161236708515,0.1422319474835887,,0.08000000000000007,0.0023966446974235107,0.040590405904058935
205,2018-07-21,0.0102584806007473,0.02966771848663785,0.01954585872139369,-0.025809202017496147,,-0.00010652720312820385,0.02572996706915487,0.005524861878453136,0.0,0.039098036868566055,0.06914893617021267,,0.02314814814814814,0.01673640167364021,0.0177304964539009
206,2018-07-20,-0.016921620534595228,-0.04208226333923959,-0.06525946346164035,-0.009062604412142905,,0.005080682851815954,-0.028808698257780093,-0.01098901098901095,-0.0509090909090909,-0.02304341565267498,-0.012199538704942614,,-0.08597285067873306,-0.028806584362140005,-0.03135888501742168
207,2018-07-19,0.011034754154060522,-0.024504077080132025,-0.023187128293747028,0.14310522829401615,,-0.00946200000000008,0.11265867418899855,0.07777777777777772,0.13026819923371669,0.07405510374789515,0.032149128731595145,,0.15841584158415833,0.1361985472154963,0.07913669064748219
208,2018-07-18,0.007145605057570671,-0.039526360902422786,-0.03588610346283716,-0.0321406010994576,,-0.00011407941946695031,0.03521628901917295,0.015463917525773141,0.0372881355932202,0.058639476320520474,0.0833286593003908,,0.05982905982905984,0.07139051678209918,0.0
209,2018-07-17,0.08657548061328367,0.04138836546918556,0.05280230173726519,-0.1739040144558167,,0.003487391776257676,0.0011862396204032064,0.04060913705583746,0.003267973856209139,0.03826385107982677,0.011942565235399716,,0.06451612903225823,0.05221282943809058,0.06000000000000005
210,2018-07-16,0.06054722083542453,0.06585041824590276,0.08012127302558425,-0.15124516819891354,,0.00391697580892636,-0.04876930133007185,-0.07317073170731703,-0.1368078175895765,-0.08117674600078051,-0.07343611433249209,,-0.1060606060606062,-0.06805293005671087,-0.018867924528301886
211,2018-07-15,0.013256181832580928,0.03592018498109817,0.01641895227025669,-0.06700592744742795,,-0.00014331931543454246,-0.07377049180327877,-0.0736842105263158,-0.0792452830188679,-0.08542368735732142,-0.06261733848702378,,-0.11440677966101698,-0.1272819472616632,-0.06730769230769229
212,2018-07-14,0.005565904998784178,0.006770154758882541,0.0008005069687193611,-0.027741932824037363,,0.0015657123038723686,-0.04776158250910989,-0.03409090909090917,-0.03688524590163933,-0.04913417179873847,-0.09014687401822163,,-0.03349282296650713,-0.03195816385822203,0.09965635738831624
213,2018-07-13,0.002305554731145687,0.008389659458667209,0.00681251395700766,0.02068032633953565,,0.0008096550109037981,0.002460024600246191,0.0,-0.021276595744680996,-0.015519894997539032,0.054254699268403206,,-0.014851485148514863,-0.0012004801920768582,0.015625
214,2018-07-12,-0.0287836496649585,-0.03943326682813264,-0.03086501154471744,-0.01115888743482685,,-0.0008839999999999959,-0.0262213133378778,-0.02352941176470591,0.004347826086956719,0.006150281127366375,0.0083519272891035,,0.0,-0.042668269230769273,0.0061538461538461755
215,2018-07-11,0.014668418304381703,0.032794659861025366,0.007186303532330073,0.020317705729374413,,-0.0003513105585337684,0.03733432891543775,0.054216867469879526,0.04761904761904767,0.04302542483170413,0.012566231551594642,,0.060301507537688474,0.0834902699309481,0.03669724770642202
216,2018-07-10,-0.05639052963181401,-0.08384808342035521,-0.06285840878799942,0.031187334005888363,,0.0006087518084834098,-0.020424689580708973,0.005714285714285783,-0.04132231404958686,0.044177086444772806,-0.2010104655359076,,-0.009478672985781977,0.026071842410196888,-0.08849557522123896
217,2018-07-09,-0.004301748048660903,-0.029557575885179044,-0.006730571244059735,0.0345327418150454,,-0.010913842979548229,0.13382933774226125,0.14204545454545436,0.07758620689655182,0.1422591566635889,0.2171032821439327,,0.11961722488038284,0.20440429136081284,-0.04854368932038833
218,2018-07-08,-0.005494853764531071,0.003740129926331992,-0.014649249152325903,0.014868166606838871,,0.008191480536507978,0.03868276085547629,0.059701492537313376,0.048000000000000036,0.03427779820701726,-0.1589353455385124,,0.05982905982905984,0.008438818565400963,-0.027210884353741527
219,2018-07-07,0.0208171770132668,0.03198152575178792,0.015840440718140725,-0.006918217465551546,,0.02351783078440617,0.022501267402410097,0.023474178403755985,0.01526717557251911,0.028844650820651907,-0.02159578379703397,,0.0,0.0915853091585308,-0.013986013986013957
220,2018-07-06,0.011649975020150194,0.0043663072934412295,0.000862226031366653,0.002573627972884962,,-0.019607843137254943,-0.07131960335621668,-0.009174311926605559,-0.022556390977443663,0.00692632181031705,-0.06298541865009755,,-0.012096774193548264,-0.0046848381601362074,-0.060283687943262436
221,2018-07-05,-0.0040353246335393935,0.004608043328032885,-0.025338140559920896,-0.0014363096011184018,,0.010000000000000007,0.01080082135523619,0.0,0.0,0.006917139298404429,-0.11163101604278093,,0.0244897959183672,0.014120667522464547,-0.007547169811320753
222,2018-07-04,0.010301607086691256,0.009277910002760235,0.010516332306249376,0.032585327039164946,,-0.016664356435643457,0.0639093162150084,0.1157407407407407,0.03846153846153855,0.06366005659063467,0.07873589164785577,,0.02788844621513964,0.004641350210970341,-0.049429657794676785
223,2018-07-03,-0.014463571175094113,-0.029145164352202487,-0.004906804391394903,-0.00696862820645805,,0.016946763340378146,-0.006912090430000739,-0.14107883817427402,0.014814814814814838,-0.014336818552230013,0.058368907117546824,,-0.046511627906976834,-0.022679546409071768,-0.03599999999999992
224,2018-07-02,0.04062893255773026,0.05427633748848959,0.05713650608219668,-0.051588737627917935,,-0.015627722772277197,0.03895404729859653,0.028985507246376937,0.03649635036496335,0.04546894048736738,-0.053225423773495366,,0.09756097560975616,-0.00687580575848734,-0.008298755186721962
225,2018-07-01,-0.0059309138656242774,-0.005146876091917664,-0.014579134971296481,-0.004374250142595737,,0.005817649283455628,-0.06947220371604113,-0.0938967136150235,-0.010563380281690129,-0.07570790185476595,-0.2483711087598152,,-0.09629629629629632,-0.08135006490696661,-0.17154811715481175
226,2018-06-30,0.032425935798162435,0.04308104148348213,0.031956440194557116,-0.0052231700137888035,,-0.001811000000000007,-0.06833459289606625,0.025906735751295432,-0.06049822064056942,0.034049020148087195,0.2666888938282581,,-0.02868852459016391,-0.0579368817710787,0.025252525252525082
227,2018-06-29,0.05067592108580698,0.031784149764524594,0.009615798330243841,-0.02759541029704393,,0.0018142856713507798,-0.0369722068052768,-0.07575757575757569,-0.10227272727272728,-0.0619234469353811,0.062322697628169436,,-0.05485232067510548,-0.01649999999999996,-0.059113300492610765
228,2018-06-28,-0.04025280379770424,-0.04497818456552671,-0.046243310949350525,-0.007151813685246533,,0.0,-0.06942412554861023,-0.0710382513661203,-0.08860759493670889,-0.059113374135544176,0.017316374848584948,,-0.08482142857142871,-0.06456532791052383,-0.041884816753926635
229,2018-06-27,0.0082670953756665,0.025777502864936963,0.03202528064630284,0.0014850955644596375,,-0.0008679999999999799,0.0845124100805108,0.09411764705882364,0.08333333333333326,0.043411251779540194,0.29207371525992465,,0.043902439024390505,0.08532608695652177,0.15300546448087424
230,2018-06-26,-0.02713492297937925,-0.062447246375256775,-0.05008151701567809,0.02269114330664657,,0.0008237149846066494,-0.006632989237865261,-0.021505376344086,-0.004273504273504147,-0.02202534498353892,0.15967829765844274,,0.0,-0.038057085628442566,0.018957345971563955
231,2018-06-25,0.016023916709482444,0.005889657300561346,0.009777207198719662,0.015186751657850328,,-0.0005740258311623947,0.055275493057398206,0.06593406593406592,0.0429184549356223,0.05318933597411535,,,0.12616822429906538,0.05934409161894848,0.041860465116279284
232,2018-06-24,-0.0024976491868659023,-0.039868422518420384,-0.03243998784440383,-0.002065298241726854,,0.0006193833983236807,-0.004064699966476737,-0.061855670103092675,-0.02469135802469136,-0.07292495202500304,,,-0.06224066390041505,-0.0481572481572482,-0.008928571428571397
233,2018-06-23,0.01875617631403537,0.014866104781105394,0.017051239356443704,0.06431533624606489,,-0.002644000000000091,0.0282744982538814,0.06043956043956045,0.06751054852320659,0.016065243322893163,,,0.1150442477876108,0.04026845637583887,0.09009009009009006
234,2018-06-22,-0.0988462786733182,-0.11270678092199525,-0.09646004810908047,0.06366223626177138,,0.012677519361190992,0.002209583043496055,0.062176165803108814,0.0039525691699606735,-0.03838390813978676,,,0.007936507936507908,0.11811414392059573,-0.008264462809917328
235,2018-06-21,-0.004278029213919066,-0.015751278556619952,-0.008501417816963121,0.07831532055278112,,-0.00990099009900991,0.14297962683215615,0.2195121951219514,0.1811023622047243,0.18082345606069009,,,0.16535433070866135,0.2263648468708388,0.1499999999999999
236,2018-06-20,0.0017428135706569758,-0.0013383246407607794,-0.016770802823122374,0.0017213380967846525,,0.0,0.039221289515985136,0.03600000000000003,-0.0033333333333332997,0.04339893347929569,,,0.03716216216216206,0.017372421281216074,-0.05797101449275355
237,2018-06-19,0.0049853835859545725,0.03700412549472687,0.018812085795051336,0.020922089290924983,,0.0,0.029629120406970744,0.011583011583011782,0.04347826086956519,0.010359372184953308,,,0.0,0.02952685876912131,-0.003846153846153944
238,2018-06-18,0.03500396730408828,0.03970393560327068,0.021346265163219247,-0.03385066834348005,,0.010000000000000007,-0.024069437489567917,0.01526717557251911,0.01923076923076916,-0.0008706004520829812,,,-0.019543973941368087,0.014858327574291732,0.0038610038610038533
239,2018-06-17,-0.005760591349258881,-0.0008269585400253465,-0.011441500007467131,-0.008128878720942367,,0.0,-0.038482588766504684,-0.030075187969924814,-0.02201257861635231,-0.044137485761677975,,,-0.039867109634551416,-0.013959822948586996,-0.03846153846153855
240,2018-06-16,0.017448684368777778,0.0239415997374064,0.0009296576953365944,-0.02850031980010015,,0.0,-0.0022056992422354593,0.007751937984496138,-0.025723472668810362,0.03456920293138044,,,0.006920415224913601,0.05006906077348061,0.0
241,2018-06-15,-0.03777546001824628,-0.06313058689838957,-0.04622549739272897,0.005553451975261803,,0.0,0.0029949727243554487,0.0,0.00990099009900991,-0.041020523531862696,,,-0.006872852233676952,-0.060835251561986214,-0.01999999999999991
242,2018-06-14,0.05240847271107652,0.09053728159017947,0.052920937305684916,0.02180955902557513,,0.0,0.07084710817247886,0.042307692307692164,0.07843137254901955,0.05413872598808278,,,0.11072664359861584,0.0672268907563025,0.044897959183673335
243,2018-06-13,-0.03920304506865446,-0.043201930482264166,-0.05346491339653103,0.01662970439032163,,0.0,-0.09713185499933596,-0.06273062730627299,-0.0757575757575758,-0.07328829881357746,,,-0.11526479750778815,-0.017060367454068248,-0.11718750000000012
244,2018-06-12,-0.043986301142015294,-0.06220732113952442,-0.06398642480144068,0.045111799802101116,,0.00990099009900991,0.021214795205529716,0.06299212598425208,0.09180327868852478,0.03390012975312895,,,0.073943661971831,0.03471295060080104,0.039823008849557695
245,2018-06-11,0.01864774106968969,0.012327785069370378,0.032240543410587234,0.008992878814864769,,-0.019607843137254943,0.1664446444644465,0.11851851851851848,0.054054054054053946,0.1451154149677758,,,0.14098360655737707,0.14096774193548378,0.0680851063829786
246,2018-06-10,-0.1046147666012478,-0.11745216701379654,-0.12007232404190082,0.048626702879139394,,0.0,-0.029909253657633306,-0.03311258278145701,0.0,-0.03637686257337214,,,-0.002873563218390718,0.008764489680520349,-0.05577689243027872
247,2018-06-09,-0.012129394775701186,-0.009331524637053112,-0.01919610833027541,0.09043415600792648,,-5.599999999994498e-05,0.17362945050749312,0.18150684931506866,0.1766381766381766,0.21319539807450186,,,0.19020172910662825,0.16031390134529144,0.1687763713080168
248,2018-06-08,-0.0047609561665149505,-0.005759669719893834,-0.004669120965462792,-0.002843732819114209,,5.600313617559748e-05,0.05920945616222961,0.02608695652173898,0.029055690072639306,0.050225665482903636,,,0.04116222760290555,0.035748792270531515,-0.032490974729241784
249,2018-06-07,0.003488061678226461,-0.0053446324050454574,0.005010770293470968,0.022754988687690547,,0.0,-0.022190939339647,0.04519774011299438,0.04705882352941182,0.011165617149327732,,,0.027906976744185963,0.004664179104477473,0.11567164179104485
250,2018-06-06,0.004365880663189214,-0.0019113684581036907,-0.002129246211048818,-0.019433770358587288,,0.0,0.015574693086930491,-0.027027027027027084,-0.0022471910112359388,0.046545828819903434,,,0.03619909502262453,-0.01114206128133699,0.04013377926421402
251,2018-06-05,0.014745240602328291,0.025222173370556208,0.024353567611081758,-0.021674073712974917,,0.0,0.018866951904737528,-0.05555555555555558,0.015765765765765716,0.0030277860143543838,,,-0.0327510917030569,0.015492957746478853,-0.019292604501607743
252,2018-06-04,-0.02686530905142881,-0.04208306142552132,-0.03027925757686412,-0.0011820396412356438,,0.0,-0.0018214014672401915,-0.04117647058823537,-0.03547671840354771,-0.07335824389706491,,,0.009029345372460584,-0.06957928802588997,-0.04262295081967205
253,2018-06-03,0.008586745611576907,0.04564921426227353,0.0572306000985503,0.013283889438573393,,0.0,0.08076942571848544,0.08282208588957052,0.0735632183908046,0.0970033467878566,,,0.07158836689038027,0.05192546583850932,0.08904109589041109
254,2018-06-02,0.015525080074158868,0.021271221194517853,0.03252019072062673,-0.031605061186085526,,0.0,-0.0445069761988508,0.02832861189801705,-0.027837259100642383,-0.05881322285984725,,,-0.022964509394572064,0.0,0.003144654088050203
255,2018-06-01,0.003812098301327671,0.004641096116208665,0.0173839771777613,-0.031229964044728113,,0.0,-0.05274007902422273,-0.13774104683195598,-0.033039647577092546,-0.035644852674467375,,,-0.03205128205128194,0.004015115729806285,-0.03448275862068961
256,2018-05-31,0.011472421390621436,0.031508643348789216,0.015329016511618663,0.01995370181402589,,0.0,0.011114565521529672,0.006389776357827559,0.009111617312072884,0.030251709507168382,,,0.024282560706401668,-0.07880498706186778,-0.003246753246753276
257,2018-05-30,-0.007707729788868024,-0.010456371728537084,0.00697439569366476,-0.02347086365689266,,-0.0022250000000000325,-0.026673841186870658,-0.00952380952380949,-0.02031602708803604,-0.0798709640032067,,,-0.0581896551724137,-0.004851889683350263,-0.04885993485342022
258,2018-05-29,0.048501044363109085,0.09776766583249552,0.08399558573992594,0.0019582761315704023,,0.0022299616647039056,0.017322171326278113,0.01923076923076916,0.032258064516129226,0.012562534508131716,,,0.029748283752860424,-0.0007698229407236967,0.02397260273972624
259,2018-05-28,-0.03448124149483234,-0.09806332694339714,-0.091163917551221,-0.016903498726248634,,0.020000000000000014,-0.09212296863678716,-0.06289308176100639,-0.0892857142857143,-0.0673037251125288,,,-0.14444444444444438,-0.04340010272213657,-0.07357859531772581
260,2018-05-27,0.0010154338094257034,-0.028083493546598892,-0.005793856108220696,0.058637187602151426,,-0.009803921568627416,0.14032037395963992,0.0738255033557047,0.12745098039215685,0.10281888325008516,,,0.1272727272727272,0.0802684563758389,0.12635379061371846
261,2018-05-26,-0.015292353653524215,0.0044417855026221975,0.006395193107952224,0.008168604487960307,,0.0,-0.00214962381583228,-0.0031250000000000444,0.04130434782608705,0.013261091727086338,,,0.004608294930875667,-0.038270377733598426,0.003205128205128193
262,2018-05-25,-0.010447511274609632,-0.026352942476219776,-0.03136123034962945,0.00045384683922122804,,0.00990099009900991,0.03574559755517148,0.0,0.025052192066805867,-0.014611332585360404,,,0.05733944954128445,0.009302325581395321,-0.006389776357827448
263,2018-05-24,0.001510153953929505,0.03294854490282528,0.05388094226317919,0.0005788792563627965,,-0.019607843137254943,0.06082519106123629,0.028213166144200663,0.08553971486761712,0.0432262636091465,,,0.04555314533622568,-0.009472606246799908,0.032154340836012985
264,2018-05-23,-0.06171915756636748,-0.09969144556713194,-0.07307088740787215,0.036367631556256434,,0.010000000000000007,-0.06955748580808419,-0.07926829268292679,0.01500938086303938,-0.04190734946077379,,,-0.07468879668049799,-0.032566554665288135,-0.01869158878504673
265,2018-05-22,-0.043138722999734425,-0.07460711472184145,-0.05309611660326663,0.13124600776171635,,-0.00990099009900991,0.15184259531510325,0.185430463576159,0.07024029574861368,0.15227134555839905,,,0.11434977578475335,0.16323804434945233,0.10476190476190483
266,2018-05-21,-0.014566886088082653,-0.024609992130554592,-0.030701149119770843,0.018102016607354887,,0.09000000000000008,0.1482056627454318,0.07262569832402233,-0.005181347150259086,0.11486205790430383,,,0.17505030181086512,0.04777216352779057,0.11781609195402296
267,2018-05-20,0.031943157335632584,0.028154144998620005,0.03495893331235811,0.024969123575606437,,-0.07339449541284415,0.048614198903216284,0.04166666666666674,0.02256944444444442,0.05121843461143572,,,0.06678082191780832,0.0192897851819378,0.012853470437018007
268,2018-05-19,0.0028116029877094393,0.003412555121927064,-0.0020648888142882353,-0.008130136752719784,,0.0,-0.061572438162544214,-0.03749999999999998,-0.022071307300509324,-0.057287125129188536,,,-0.048154093097913415,-0.03698924731182796,-0.02284263959390864
269,2018-05-18,0.019219709482328096,0.03340623149639898,0.02482662402248037,-0.02024668266596985,,0.0,0.008114468605855405,-0.010389610389610391,0.013888888888888841,0.01822162638129776,,,0.02866779089376048,-0.013175524787851778,0.041558441558441565
270,2018-05-17,-0.030961636673641383,-0.050644013290818135,-0.0673747093570416,0.02564828418757425,,0.0,-0.03660404138497742,-0.005249343832021025,-0.0273972602739726,0.014830627317772294,,,-0.0540983606557377,-0.00950441276306846,-0.10224438902743138
271,2018-05-16,-0.01704029651162153,-0.0004723958573313869,0.02019706869597071,0.009774201127283444,,0.0,0.08711665955879487,0.04221635883905006,0.10739436619718323,0.006708142816345353,,,0.07798960138648181,0.0582590815627142,0.01666666666666661
272,2018-05-15,-0.02099621266391372,-0.028928083093530788,-0.04884034032824969,0.02113245565685684,,-0.00990099009900991,0.008256062767475036,0.11139240506329108,-0.062003179650238376,0.07536752650354518,,,0.05466237942122176,0.0345423143350605,0.008196721311475308
273,2018-05-14,-5.6072380458127575e-05,0.0008091667202638764,-0.0009074790447159976,-0.013585111019181915,,0.0,0.053870505632881205,-0.10022779043280172,0.06949152542372873,-0.07139017675933179,,,0.05792682926829285,0.05070951585976635,-0.005420054200542035
274,2018-05-13,0.023108653549752226,0.0625098530079693,0.0650882720385646,0.01298727511673059,,-0.0036040000000000525,0.04235681082078924,0.0050632911392405324,0.028526148969889142,0.044197224271359525,,,0.057636887608069065,-0.040317775571003016,0.05994550408719345
275,2018-05-12,0.007143711112262752,0.01013883378088698,0.00831678946728398,-0.04906251867988809,,0.0005469712845094231,-0.05897316181797696,-0.02015113350125941,-0.06779661016949158,-0.07427397120018707,,,-0.0463215258855586,-0.036009933774834524,-0.033419023136246895
276,2018-05-11,-0.06744892316718798,-0.06545964833062923,-0.09624635558375604,0.06650323145406123,,0.0020813669013513003,0.0025662959794696683,0.0,-0.06115702479338848,0.023758699962869608,,,-0.0357142857142857,0.05796479175611857,-0.007978723404255317
277,2018-05-10,-0.02931608438306244,-0.03314269610128784,-0.05501870465332781,0.09064316634395198,,6.50640229986621e-05,0.1754266211604094,0.13624678663239065,0.16021126760563376,0.16817245988066842,,,0.0888888888888888,0.12276785714285696,0.1072386058981234
278,2018-05-09,0.011365674962674044,0.00011101207566088789,-0.014327465142184416,0.013328236085313527,,-0.001018936402554016,0.1047909407665506,0.0565610859728507,0.08042488619119892,0.0795116447441433,,,0.05986394557823128,0.02964033977950486,0.01937046004842613
279,2018-05-08,-0.01628439210278909,-0.002287390161628489,-0.022415161356388547,0.03769492864549884,,0.0019407592506686109,-0.02440274383032404,-0.025695931477516032,0.0547752808988764,0.045540827153891066,,,0.0,-0.013866947516236627,0.014251781472683913
280,2018-05-07,-0.028125255835116048,-0.0496765066980216,-0.04359834069382473,-0.07183849520042485,,0.0,0.019490577982516518,-0.08571428571428563,0.014647137150466172,-0.012548255769037286,,,0.03594351732991008,0.015307938768244878,0.002341920374707485
281,2018-05-06,-0.017934669302037798,-0.03051311403621737,-0.04077961236521843,0.026582283672875073,,-0.002022999999999997,-0.0043203678258113545,0.02884615384615397,0.03805774278215224,0.02343340659236448,,,0.032218091697645564,0.06311360448807846,0.032710280373831724
282,2018-05-05,0.012294304884050034,0.043453104689386464,0.011770096341868095,0.04275640257301516,,-0.0005781696371760514,0.0500922227677445,0.07242990654205594,0.037926675094816835,0.08268952336827473,,,0.03601440576230508,-0.01764511873350927,0.058823529411764726
283,2018-05-04,-0.00462743691216405,0.001902597387093197,0.008503910777243995,0.008894925696813827,,-0.0032253860036093322,0.008238980994743184,0.03921568627450967,-0.023142509135201102,-0.02435757536855176,,,0.0672074159907301,-0.19875776397515527,0.008547008547008517
284,2018-05-03,0.05543239025695379,0.13583777374229933,0.02734182064259083,0.028435739974858713,,0.005756485476013928,-0.0054770140873313675,-0.0398322851153039,-0.043640897755610975,-0.0038148101038189,,,0.05863192182410404,-0.004818772260632653,-0.01906779661016944
285,2018-05-02,0.014383455350396313,0.020716214796113075,0.02563899594365049,-0.009699021973740727,,-0.004367410536590399,0.022507592846970903,0.013100436681222629,-0.006518904823989535,0.04403776363714429,,,-0.0984615384615386,-0.010526315789473715,-0.1166306695464363
286,2018-05-01,-0.014986312178110306,0.006226623880247306,0.006677588802117551,-0.015514181091381031,,0.0021907730385248847,-0.01921441512503552,0.008620689655172377,-0.05249343832021003,-0.003316812528400215,,,-0.06712172923777016,0.0017021276595743373,-0.0024449877750610804
287,2018-04-30,-0.01826843331104677,-0.02940242029541895,-0.04367475026955936,0.016768081935204068,,0.001385158160606137,-0.029857498303551225,-0.04059829059829045,-0.06232686980609425,-0.022111270369332026,,,0.0,-0.0157179269328801,-0.002450980392156854
288,2018-04-29,0.008011190459370265,0.009409862150943528,0.008230944337533021,0.017668719883922268,,-0.004267832513597414,-0.08691484676562777,0.111358574610245,0.057607090103397374,0.09253914751658264,,,0.03658536585365857,0.1217091066033662,0.051597051597051635
289,2018-04-28,0.03695741550831566,0.04787511984813553,0.05771468532632285,0.007934227359997825,,0.015240672350674387,0.02823015377631521,-0.14629258517034072,-0.09636871508379896,-0.16852871287128712,,,0.025882352941176467,-0.13697575990765676,0.032710280373831724
290,2018-04-27,-0.02951935141385764,-0.015472262049773809,-0.03715944151281858,0.0003086968995935635,,-0.012622772277227743,-0.06739604315554204,-0.31924882629107976,-0.07109737248840807,-0.1022772468224048,,,-0.0802752293577983,-0.0898350423539902,-0.029411764705882363
291,2018-04-26,0.04736569062243533,0.07565898611174604,0.07067167922437599,-0.02114647322790053,,0.012784143610786058,0.04654052694646205,-0.09999999999999998,0.03660565723793696,0.047567632097307966,,,0.026184538653366785,0.04775900073475392,0.048951048951048966
292,2018-04-25,-0.0866824840601742,-0.12684282938499214,-0.14605388318742907,-0.03874649263848162,,-0.013712871287128723,-0.13710190407531475,-0.12260536398467425,-0.07544141252006431,-0.09798722643449376,,,-0.11543134872417984,-0.06171107994389901,-0.07111111111111112
293,2018-04-24,0.08430814660005659,0.09509466723539717,0.0572281094501963,0.12969729708872735,,0.003864879787180753,0.12415634624205475,0.14410480349344978,0.16145833333333348,0.19526369723598716,,,0.061813186813186816,0.18236173393124067,0.2392344497607655
294,2018-04-23,0.016269945649354026,0.034101729989099994,0.016038925225707826,-0.040216478014058483,,-0.00307500000000005,0.002914474738790141,-0.11068702290076338,-0.08370702541106134,-0.05996805524563409,,,-0.14877102199223802,-0.062368310155920814,-0.06756756756756754
295,2018-04-22,-0.007548944192157014,0.03195590444213225,-0.0041667170351168395,0.0038593825343813393,,0.0019379592246158148,-0.00459148831059375,-0.0042918454935623185,-0.06362153344208799,-0.06427214086798128,,,-0.03951367781155013,-0.007865168539325841,-0.1594202898550725
296,2018-04-21,0.003265576674820414,-0.02169050852978005,-0.057059859550151575,-0.023388091659340304,,0.011155751023419702,0.001021793393375825,-0.14655172413793094,0.0121951219512193,-0.014526713531339941,,,-0.01898734177215189,0.00860702151755377,-0.11822660098522153
297,2018-04-20,0.06737553557679242,0.08332731287925821,0.16784346988908586,0.06993163103627897,,-0.01872475247524752,0.01154906163874192,0.040404040404040435,0.03270223752151469,0.09426556561913603,,,0.0693548387096774,-0.021109364473388625,-0.027932960893854768
298,2018-04-19,0.015840201282740773,0.08458648245743139,0.10998650272166198,-0.03142599302473914,,0.00769053807532738,0.054606524528247435,-0.03398058252427183,-0.038333333333333434,-0.0774557642377186,,,-0.010558069381598869,-0.10529938059187892,-0.06321839080459779
299,2018-04-18,0.032351155899857716,0.0417068388076034,0.08110030540418611,-0.07062870192964442,,0.0012916662494617535,-0.11155460174692787,-0.0653266331658291,-0.02772963604852674,-0.09291735505024136,,,-0.08993902439024393,-0.0492307692307693,-0.05214723926380371
300,2018-04-17,-0.01954024714089964,-0.01532148560450275,-0.011929035378795638,-0.07710427431603772,,-0.005120000000000125,0.12316142531848118,-0.06989247311827962,-0.11408199643493765,-0.06783109177800473,,,-0.09882747068676713,-0.035329018338726925,-0.016181229773462702
301,2018-04-16,-0.036293037817947904,-0.041418094955681384,-0.04399822269387277,-0.07678736967627853,,0.0032506432936636465,0.2884481034506379,0.02890173410404628,-0.028169014084507005,0.026073568509186185,,,0.055762081784386686,0.09113782499301082,0.03289473684210531
302,2018-04-15,0.045972793183527434,0.06104121364834891,0.07876806137803594,-0.03187536493444454,,0.0018895637171705282,-0.03434051330030419,0.0280898876404494,0.04140786749482395,-0.013273994047508621,,,0.052816901408450745,0.04099410709710494,0.0573248407643312
303,2018-04-14,0.013356872925369244,0.019214040025486545,0.005239270872256618,-0.030672295784558205,,0.010000000000000007,-0.0426850750869775,-0.06010928961748641,-0.06361829025844934,-0.02833958590373287,,,-0.058528428093645564,-0.05020920502092052,-0.0512048192771084
304,2018-04-13,-0.0037553021998864007,-0.0007385069791606691,0.0026666341249956807,-0.021204436504532187,,0.0,0.05302986739657967,-0.011627906976744208,-0.019108280254777062,-0.0599247491908601,,,0.019538188277087087,0.004664420834413097,-0.025396825396825414
305,2018-04-12,0.1336711809976845,0.14558202093837713,0.17516333982853727,-0.15548963282053266,,0.0,-0.013116795177038565,-0.02352941176470591,-0.025974025974025983,-0.028802735075593836,,,0.05226480836236935,0.01728140314676274,0.061889250814332275
306,2018-04-11,0.01964832118083604,0.039228165489850315,0.10729972907225037,-0.03986872943551378,,0.0,-0.08873297108265732,-0.11445783132530117,-0.09777777777777784,-0.19716684544710728,,,-0.2764900662251656,-0.12905679513184576,-0.15644171779141106
307,2018-04-10,0.009379368635995531,0.04008684479871971,0.007553404960015664,-0.1260278610097314,,-0.010334653465346457,0.02170190544429995,-0.08163265306122436,-0.08128078817733986,-0.07872551177635911,,,0.02517162471395884,-0.02270742358078604,-0.1018181818181817
308,2018-04-09,-0.03483948495990685,-0.0014485932387385825,-0.02616077195557676,-0.04710775252799837,,0.010442573847345038,-0.0715321526209437,-0.022222222222222254,-0.040214477211796266,-0.0164597942824376,,,-0.1763392857142858,-0.019660411081322767,-0.04453441295546568
309,2018-04-08,0.015327352926150615,0.0365855613684154,0.028793832136822406,0.023452431892740044,,0.0,-0.13256605899221618,0.05303030303030298,0.05027932960893855,0.0007287815258740782,,,0.062330623306233075,0.010331206320267405,0.01271186440677985
310,2018-04-07,0.04481855201114216,0.04104596749814893,0.02781290888373822,-0.014072337178633987,,0.0,-0.048821523975382634,0.0,-0.005319148936170136,-0.05309191010472236,,,-0.08418367346938782,0.12631578947368438,-0.07531380753138084
311,2018-04-06,-0.02790722046679817,-0.033209853116754506,-0.038416609285707004,-0.04369951020927432,,0.0,-0.09256931837576997,-0.021582733812949503,-0.05614973262032097,-0.09369480228161252,,,-0.15877437325905286,-0.2381842456608813,-0.05429864253393668
312,2018-04-05,0.0012884275091991082,0.009532606743030358,-0.002271218945945175,0.02174700308929389,,0.0,-0.060718499392986125,0.03676470588235281,0.0028328611898018607,0.04750132238838911,,,0.04966887417218535,-0.048720644935156036,0.052631578947368585
313,2018-04-04,-0.08374758963372864,-0.08671648140345077,-0.10201398116080818,-0.00031826746763974345,,-0.00990099009900991,0.035207165222456815,0.014184397163120588,0.008474576271186418,-0.012510801468999744,,,-0.041009463722397436,-0.05490051584377309,0.040909090909090784
314,2018-04-03,0.05149202122220475,0.07907816756159902,0.1112568124942206,0.09884627490421803,,0.0,0.2510990750184645,0.048951048951048966,0.13445378151260498,0.12534489877955735,,,0.1578947368421053,0.10175438596491236,0.09606986899563297
315,2018-04-02,0.0375679579432977,0.02006752785442867,0.02868319843734901,-0.03455689409378704,,-0.002612999999999865,-0.327823459132757,-0.020000000000000014,-0.0962962962962962,-0.10489789173899944,,,-0.09375,-0.052016985138004346,-0.0916334661354582
316,2018-04-01,-0.0185557842393016,-0.04421073188428559,-0.044684921762919716,-0.03239722406943224,,0.012646044113267862,-0.08558822299360125,0.0,-0.07650273224043724,-0.00045879529585512996,,,-0.03448275862068961,-0.06644270250093309,-0.021929824561403462
317,2018-03-31,0.011483951224738442,0.0011154388018166372,0.003914762097756874,0.013611292226901828,,-0.00990099009900991,-0.108715040362231,0.08163265306122458,0.0976331360946745,0.04321988554728984,,,0.06168831168831158,0.1135545781687326,0.022421524663676973
318,2018-03-30,-0.03631562120527754,0.02262643007617981,-0.010928073898018198,0.01776096412688588,,-0.005600000000000049,-0.07774214239897381,-0.03144654088050314,-0.016172506738544534,-0.004912783129393361,,,0.006116207951070375,0.005745062836624681,-0.013157894736842035
319,2018-03-29,-0.10456884082591887,-0.1351642585226106,-0.12032025350414975,0.08524965408858742,,0.015687851971037947,0.026985672555292828,-0.07792207792207795,0.0602739726027397,-0.007867340985262206,,,-0.10030395136778114,0.061049625133880576,0.026666666666666616
320,2018-03-28,0.016592471054016622,-0.008564851782200678,0.0034739751355983284,0.053346681021727786,,-0.00990099009900991,0.13249356630096187,0.15492957746478875,0.18346253229974166,0.14249774528884052,,,0.15540540540540548,0.11440107671601618,0.1341991341991342
321,2018-03-27,-0.04312035052604668,-0.0785008584608583,-0.03037858277700078,-0.027719333899176468,,-0.0005760000000000209,-0.04372578098837498,-0.036585365853658465,-0.0393013100436681,-0.06361571592781867,,,-0.020467836257309857,-0.08001207729468596,-0.03053435114503822
322,2018-03-26,-0.03620205020367595,-0.06721366139841267,-0.06842178529162735,0.030559833276467833,,0.0005763319672131839,0.11388763820101055,0.018987341772152,0.11590909090909095,0.044024738649332866,,,0.13432835820895514,0.09255004922874964,0.0669291338582676
323,2018-03-25,-0.014053858330747905,-0.003711961885027093,0.005238662089558366,0.07159879619770271,,-0.004167000000000032,-0.0859850441265636,0.01863354037267073,0.10590631364562107,0.11022781737777464,,,0.09210526315789493,0.06969059777711029,0.11808118081180807
324,2018-03-24,-0.03162890727517387,-0.029682017485272324,-0.01020814913580137,0.026901323773366403,,0.0030798336668900195,0.10048646258169147,0.018292682926829285,-0.040515653775322284,0.07073392212697271,,,0.009638554216867544,0.04184217916315647,-0.03960396039603953
